Ticker,Company Name,Country,Sector,Industry,Price,Current Shares,Dividend Yield,Recommendation Key,"Recommendation Mean (1=Strong Buy, 5=Strong Sell)",PEG Ratio,52 Week Change,"52 Week Relative Price (1=52 week high, 0=52 week low)",Log Market Cap,Overall Risk (1-10),Percent of Shares Held by Institutions,Percent of Shares Held by Insiders
0EXG.IL,"Jerónimo Martins, SGPS, S.A.",Portugal,Consumer Defensive,Food Distribution,21.9 EUR,14,2.55 %,none,,,-4.79 %,0.3997734994337486,10.164451976887529,10.0,24.534,56.18300000000001
1COV.DE,Covestro AG,Germany,Basic Materials,Specialty Chemicals,51.5 EUR,0,0 %,buy,2.3,-2.22,+59.3 %,0.9326282804543674,9.987671183328112,2.0,55.899,4.578
ABI.BR,Anheuser-Busch InBev SA/NV,Belgium,Consumer Defensive,Beverages—Brewers,52.4 EUR,3,1.43 %,buy,2.1,1.93,+2.99 %,0.41755238384451876,11.01315339659573,8.0,14.674999999999999,48.661998000000004
ABN.AS,ABN AMRO Bank N.V.,Netherlands,Financial Services,Banks—Diversified,13.4 EUR,0,9.65 %,hold,2.6,0.59,+28.8 %,0.5618153364632238,10.070524157827885,3.0,39.771,6.647
AC.PA,Accor SA,France,Consumer Cyclical,Lodging,33.7 EUR,0,2.12 %,buy,2.1,0.68,+36.4 %,0.9526202440775308,9.952513791669114,8.0,52.854997000000004,20.865000000000002
ACA.PA,Crédit Agricole S.A.,France,Financial Services,Banks—Regional,11.2 EUR,0,9.36 %,hold,2.9,0.7,+14.8 %,0.7765306122448976,10.533807079455498,7.0,11.099,63.07300300000001
ACKB.BR,Ackermans & Van Haaren NV,Belgium,Industrials,Engineering & Construction,142 EUR,0,2.2 %,buy,2.0,,-4.69 %,0.3924050632911392,9.679452667045355,8.0,13.424,33.0
ACS.MC,"ACS, Actividades de Construcción y Servicios, S.A.",Spain,Industrials,Engineering & Construction,32.5 EUR,0,10.8 %,buy,2.4,2.88,+38.2 %,0.9798165137614674,9.932755777800619,7.0,20.854001,19.163999
ACX.MC,"Acerinox, S.A.",Spain,Basic Materials,Steel,9.1 EUR,0,6.59 %,buy,1.8,-0.22,-0.914 %,0.46417197452229286,9.355637363759948,2.0,41.679,5.5
AD.AS,Koninklijke Ahold Delhaize N.V.,Netherlands,Consumer Defensive,Grocery Stores,28.9 EUR,8,3.74 %,buy,2.1,2.95,+1.71 %,0.49186128803963236,10.466168483291701,1.0,53.634,0.08099999999999999
ADS.DE,adidas AG,Germany,Consumer Cyclical,Footwear & Accessories,176 EUR,0,0.38 %,hold,2.6,-1.42,+17.9 %,0.8674369747899159,10.497220705966622,3.0,52.241004000000004,10.981
ADYEN.AS,Adyen N.V.,Netherlands,Technology,Software—Infrastructure,739 EUR,0,0 %,hold,2.7,,-51.3 %,0.008364312267658016,10.379649125704956,1.0,76.92999999999999,16.414
AED.BR,Aedifica NV/SA,Belgium,Real Estate,REIT—Healthcare Facilities,59.2 EUR,0,6.4 %,buy,2.1,2.48,-37.3 %,0.16978922716627634,9.463876846661458,1.0,35.968,0.061
AEGN.AT,Aegean Airlines S.A.,Greece,Industrials,Airlines,12.6 EUR,0,0 %,buy,2.5,0.4,+154 %,0.8744680851063829,9.05610748047131,10.0,7.428999999999999,62.009996
AENA.MC,"Aena S.M.E., S.A.",Spain,Industrials,Airports & Air Services,146 EUR,0,3.28 %,hold,2.6,0.13,+20 %,0.8202979515828677,10.340741491477909,4.0,23.666999999999998,51.0
AGN.AS,Aegon N.V.,Netherlands,Financial Services,Insurance—Diversified,4.58 EUR,0,5.58 %,hold,2.6,-2.16,-2.31 %,0.5423728813559321,9.958892423048184,1.0,32.594,14.969
AGS.BR,ageas SA/NV,Belgium,Financial Services,Insurance—Diversified,38 EUR,0,8.26 %,hold,2.7,0.77,-8.94 %,0.3681034482758619,9.852712783346128,2.0,37.798,7.309
AI.PA,L'Air Liquide S.A.,France,Basic Materials,Specialty Chemicals,165 EUR,3,1.78 %,buy,2.1,2.76,+31.2 %,0.9444855662472242,10.9405734274856,2.0,31.386998,2.9260002
AIR.PA,Airbus SE,Netherlands,Industrials,Aerospace & Defense,135 EUR,7,1.32 %,buy,2.1,1.45,+35.9 %,0.936447166921899,11.028921376559895,1.0,35.851002,25.791999999999998
AKZA.AS,Akzo Nobel N.V.,Netherlands,Basic Materials,Specialty Chemicals,73.1 EUR,0,2.71 %,buy,2.5,0.62,+13.2 %,0.7450657894736846,10.107979101209994,2.0,67.43299999999999,1.545
ALPHA.AT,Alpha Services and Holdings S.A.,Greece,Financial Services,Banks—Regional,1.4 EUR,0,0 %,buy,2.3,0.1,+48 %,0.6759153968614966,9.516062773673243,3.0,38.807,9.0
ALV.DE,Allianz SE,Germany,Financial Services,Insurance—Diversified,222 EUR,4,5.15 %,buy,2.1,0.87,+26 %,0.9147963424771404,10.950623556057709,5.0,39.034998,0.0030000001
AMP.MI,Amplifon S.p.A.,Italy,Healthcare,Medical Distribution,29.1 EUR,0,1.01 %,buy,2.4,2.39,+11.6 %,0.44546850998463894,9.82611275137995,8.0,32.484,42.229998
AMS.MC,"Amadeus IT Group, S.A.",Spain,Consumer Cyclical,Travel Services,62.4 EUR,8,1.19 %,buy,2.4,0.08,+18.7 %,0.6925502562081199,10.443883779919975,1.0,71.292996,0.02
ANA.MC,"Acciona, S.A.",Spain,Industrials,Engineering & Construction,128 EUR,0,3.55 %,hold,2.8,1.73,-36 %,0.06654567453115531,9.846666645046891,5.0,15.808,56.347
ANDR.VI,Andritz AG,Austria,Industrials,Industrial Distribution,49.3 EUR,0,4.18 %,buy,1.8,1.68,+5.98 %,0.27331711273317116,9.687882776149777,6.0,32.0,31.496000000000002
ANE.MC,"Corporación Acciona Energías Renovables, S.A.",Spain,Utilities,Utilities—Renewable,26.5 EUR,0,2.64 %,buy,2.2,,-36 %,0.09681093394077446,9.940516943929795,2.0,11.72,82.647
ARGX.BR,argenx SE,Netherlands,Healthcare,Biotechnology,485 EUR,2,0 %,buy,1.9,,+25.2 %,0.9477487493051694,10.452904978864842,5.0,37.761002999999995,0.0
ASM.AS,ASM International NV,Netherlands,Technology,Semiconductor Equipment & Materials,433 EUR,0,0.57 %,buy,2.3,4.2,+51.5 %,0.8219357249626308,10.332562182363388,1.0,55.736,5.525
ASML.AS,ASML Holding N.V.,Netherlands,Technology,Semiconductor Equipment & Materials,587 EUR,2,0.99 %,buy,2.2,1.32,+17.4 %,0.6544129052272376,11.376368399856723,1.0,52.964,0.0080000005
ATO.PA,Atos SE,France,Technology,Information Technology Services,7.51 EUR,0,0 %,hold,3.5,0.06,-23.6 %,0.11311827956989243,8.94893852740026,2.0,28.294000000000004,3.0700000000000003
ATS.VI,AT & S Austria Technologie & Systemtechnik Aktiengesellschaft,Austria,Technology,Electronic Components,31.1 EUR,14,1.28 %,none,,-0.3,-29.1 %,0.30908178625188143,9.08187205053029,9.0,15.348999999999998,35.699999999999996
AZM.MI,Azimut Holding S.p.A.,Italy,Financial Services,Asset Management,21.1 EUR,0,6.18 %,buy,2.2,1.05,+25.4 %,0.7238285144566301,9.471924634099278,9.0,20.629998999999998,20.476
BAMI.MI,Banco BPM S.p.A.,Italy,Financial Services,Banks—Regional,4.1 EUR,0,5.67 %,buy,1.7,0.27,+48 %,0.7469287469287467,9.823597126769112,1.0,37.479,0.0
BAS.DE,BASF SE,Germany,Basic Materials,Chemicals,44.5 EUR,6,7.42 %,buy,2.4,-1.35,-0.98 %,0.4076827757125154,10.598783704323647,3.0,26.229000000000003,0.0
BAYN.DE,Bayer Aktiengesellschaft,Germany,Healthcare,Drug Manufacturers—General,50.2 EUR,6,4.78 %,buy,2.2,-3.22,-7.21 %,0.18407172995780569,10.692916162954575,6.0,50.208,0.0
BBVA.MC,"Banco Bilbao Vizcaya Argentaria, S.A.",Spain,Financial Services,Banks—Diversified,6.97 EUR,45,6.19 %,buy,2.3,0.26,+40.6 %,0.8083851948902718,10.618877460690193,1.0,32.830999999999996,0.029
BEI.DE,Beiersdorf Aktiengesellschaft,Germany,Consumer Defensive,Household & Personal Products,122 EUR,0,0.58 %,buy,2.4,2.88,+16.1 %,0.8069278818852925,10.441326738426994,8.0,19.559,51.187000000000005
BELA.AT,Jumbo S.A.,Greece,Consumer Cyclical,Specialty Retail,27.7 EUR,0,0 %,buy,1.6,1.51,+99.3 %,0.9065420560747665,9.576210259657307,4.0,39.804,19.36
BG.VI,BAWAG Group AG,Austria,Financial Services,Banks—Regional,43 EUR,0,8.79 %,buy,1.8,6.74,-10.4 %,0.2487517022242396,9.548859333107337,4.0,61.709,3.253
BKT.MC,"Bankinter, S.A.",Spain,Financial Services,Banks—Regional,5.82 EUR,0,6.41 %,buy,2.3,0.69,+1.22 %,0.4262125902992775,9.718656515233102,3.0,32.4,29.069
BMED.MI,Banca Mediolanum S.p.A.,Italy,Financial Services,Banks—Regional,8.3 EUR,0,6.07 %,strong_buy,1.5,1.16,+20.5 %,0.6474127557160048,9.79701355377894,4.0,12.590000000000002,69.441
BMW.DE,Bayerische Motoren Werke Aktiengesellschaft,Germany,Consumer Cyclical,Auto Manufacturers,95.6 EUR,0,8.94 %,hold,2.8,-0.35,+26.2 %,0.6037316748111953,10.798976565069584,7.0,22.986001,48.561
BN.PA,Danone S.A.,France,Consumer Defensive,Packaged Foods,53.6 EUR,0,3.76 %,hold,2.6,4.03,+3.16 %,0.45076007931262385,10.540747913201196,1.0,59.072,2.1919999999999997
BNP.PA,BNP Paribas SA,France,Financial Services,Banks—Regional,58.4 EUR,5,6.66 %,buy,2.0,0.61,+15.6 %,0.6630711904294961,10.847067560578212,2.0,47.801998,13.122
BPE.MI,BPER Banca SpA,Italy,Financial Services,Banks—Regional,2.61 EUR,0,4.64 %,buy,2.2,0.1,+60.4 %,0.6379874962786545,9.597075086806813,1.0,20.936,30.099999999999998
CA.PA,Carrefour SA,France,Consumer Defensive,Grocery Stores,17 EUR,0,3.36 %,buy,2.1,0.53,+0.652 %,0.5870786516853931,10.09172781391859,7.0,39.115003,23.067999999999998
CABK.MC,"CaixaBank, S.A.",Spain,Financial Services,Banks—Regional,3.56 EUR,0,6.55 %,buy,2.3,0.53,+2.04 %,0.4136986301369865,10.425613557940004,1.0,20.990999,49.572
CAI.VI,CA Immobilien Anlagen AG,Austria,Real Estate,Real Estate Services,30.4 EUR,0,3.28 %,buy,2.1,-0.62,-6.88 %,0.6531531531531533,9.474692842675315,7.0,73.843,0.0
CAP.PA,Capgemini SE,France,Technology,Information Technology Services,170 EUR,0,1.93 %,buy,1.8,1.46,-6.84 %,0.4813333333333336,10.473435478810211,2.0,56.738,9.819999
CENER.AT,Cenergy Holdings SA,Belgium,Industrials,Electrical Equipment & Parts,7.02 EUR,0,0.71 %,none,,,+149 %,0.921971252566735,9.125463131006173,,1.698,79.78
CGCBV.HE,Cargotec Corporation,Finland,Industrials,Specialty Industrial Machinery,41.1 EUR,0,3.28 %,buy,1.9,0.23,+23.3 %,0.4568998840355625,9.422271542622585,8.0,33.951,33.903998
CLNX.MC,"Cellnex Telecom, S.A.",Spain,Real Estate,Real Estate Services,34.5 EUR,0,0.1 %,buy,1.7,-5.01,-10.6 %,0.5723049956178788,10.386871804319423,1.0,56.106997,15.195
CNHI.MI,CNH Industrial N.V.,United Kingdom,Industrials,Farm & Heavy Construction Machinery,12.6 EUR,20,2.82 %,buy,2.0,0.11,-0.277 %,0.26248775710088146,10.224974714703198,9.0,54.822,27.247998000000003
COFB.BR,Cofinimmo SA,Belgium,Real Estate,REIT—Diversified,70.8 EUR,0,8.82 %,hold,2.6,2.53,-30.1 %,0.1233859397417503,9.383692867612245,2.0,35.54,5.8530003
COL.MC,"Inmobiliaria Colonial, SOCIMI, S.A.",Spain,Real Estate,REIT—Office,5.55 EUR,0,4.54 %,hold,2.6,1.99,-7.57 %,0.41985645933014354,9.470159512110058,5.0,47.904,28.148
COLR.BR,Etn. Fr. Colruyt NV,Belgium,Consumer Defensive,Grocery Stores,37.7 EUR,0,2.13 %,hold,3.2,1.4,+24.2 %,0.9830508474576269,9.681361479765732,10.0,7.5679995,59.962004
CON.DE,Continental Aktiengesellschaft,Germany,Consumer Cyclical,Auto Parts,66.1 EUR,0,2.25 %,hold,2.9,0.07,+11.6 %,0.6226739192671058,10.120981566047412,5.0,29.232999999999997,46.0
CPR.MI,Davide Campari-Milano N.V.,Italy,Consumer Defensive,Beverages—Wineries & Distilleries,11.9 EUR,0,0.51 %,hold,2.6,,+22.4 %,0.747126436781609,10.131959910087255,7.0,23.189999999999998,54.333
CS.PA,AXA SA,France,Financial Services,Insurance—Diversified,27.7 EUR,10,6.18 %,buy,1.8,1.44,+8.56 %,0.6923525977816695,10.800675827363316,2.0,42.319,20.166
DB1.DE,Deutsche Börse AG,Germany,Financial Services,Financial Data & Stock Exchanges,163 EUR,0,2.23 %,buy,2.3,2.01,-5.17 %,0.25955414012738864,10.476655341145603,1.0,62.393004,0.0
DBK.DE,Deutsche Bank Aktiengesellschaft,Germany,Financial Services,Banks—Regional,9.65 EUR,0,3.13 %,buy,2.5,-1.5,+4.73 %,0.4699784862116173,10.29330979363404,2.0,39.152,7.892
DG.PA,Vinci SA,France,Industrials,Engineering & Construction,103 EUR,0,3.95 %,buy,1.8,1.74,+6.88 %,0.7008871989860579,10.770813300646168,2.0,39.384,9.995999999999999
DHL.DE,Deutsche Post AG,Germany,Industrials,Integrated Freight & Logistics,41.2 EUR,0,4.49 %,buy,2.1,19.81,+9.84 %,0.6637881404720781,10.69102574261134,2.0,33.226,20.49
DIA.MI,DiaSorin S.p.A.,Italy,Healthcare,Diagnostics & Research,91.9 EUR,0,1.18 %,hold,2.8,6.13,-32.8 %,0.05227228398673676,9.70464910957444,10.0,21.031,57.539004000000006
DOC.VI,DO & CO Aktiengesellschaft,Austria,Industrials,Airports & Air Services,107 EUR,0,0.94 %,buy,2.0,,+37.5 %,0.5586206896551724,9.043967984329147,5.0,45.004,34.177
DSFIR.AS,DSM-Firmenich AG,Switzerland,Consumer Defensive,Household & Personal Products,81 EUR,0,1.99 %,buy,2.2,7.01,-31.2 %,0.044703143189755566,10.35567509889876,1.0,24.123,74.237996
DTE.DE,Deutsche Telekom AG,Germany,Communication Services,Telecom Services,20.1 EUR,7,3.5 %,buy,1.9,3.61,+3.91 %,0.4831168831168831,11.000651742375306,3.0,46.679002000000004,18.341999
DTG.DE,Daimler Truck Holding AG,Germany,Industrials,Farm & Heavy Construction Machinery,32.5 EUR,0,4 %,buy,1.8,0.54,+22.7 %,0.8462188424165611,10.427097846408165,2.0,29.605999999999998,42.148998
EBS.VI,Erste Group Bank AG,Austria,Financial Services,Banks—Regional,32.1 EUR,16,5.87 %,buy,2.0,0.61,+25.2 %,0.6613316261203586,10.116289508173617,3.0,36.405998000000004,24.313000000000002
EDP.LS,"EDP - Energias de Portugal, S.A.",Portugal,Utilities,Utilities—Diversified,4.18 EUR,0,4.58 %,buy,2.0,2.08,-15.9 %,0.14250411861614495,10.242981889935216,2.0,40.179002000000004,29.712
EEE.AT,Coca-Cola HBC AG,Switzerland,Consumer Defensive,Beverages—Non-Alcoholic,25.9 EUR,0,3.01 %,hold,3.0,,+13.3 %,0.5656455142231949,9.98015520676853,10.0,28.658,46.905
EL.PA,EssilorLuxottica Société anonyme,France,Healthcare,Medical Instruments & Supplies,173 EUR,0,1.86 %,buy,2.3,2.12,+10.3 %,0.7070038910505837,10.894770684483474,5.0,27.142,36.158
ELE.MC,"Endesa, S.A.",Spain,Utilities,Utilities—Regulated Electric,19.2 EUR,0,16.6 %,buy,2.3,1.62,+8.15 %,0.6868279569892471,10.307539439520061,1.0,10.135999,70.125
ELI.BR,Elia Group SA/NV,Belgium,Utilities,Utilities—Regulated Electric,105 EUR,0,1.85 %,buy,2.5,,-26.8 %,0.1431556948798327,9.896256679049623,7.0,13.204001000000002,54.223996
ELISA.HE,Elisa Oyj,Finland,Communication Services,Telecom Services,44.8 EUR,0,4.8 %,hold,3.3,3.82,-12.7 %,0.036213991769547704,9.856546828839189,4.0,38.971000000000004,11.533
ELLAKTOR.AT,Ellaktor S.A.,Greece,Industrials,Engineering & Construction,2.19 EUR,0,0 %,none,,,+25.9 %,0.5549738219895286,8.882262903460122,6.0,57.416999999999994,29.87
ELPE.AT,HELLENiQ ENERGY Holdings S.A.,Greece,Energy,Oil & Gas Integrated,7.66 EUR,0,14.6 %,hold,2.8,-0.33,+16.6 %,0.6150943396226416,9.36943184329798,9.0,2.406,80.947
EN.PA,Bouygues SA,France,Industrials,Engineering & Construction,31.8 EUR,0,5.71 %,buy,2.5,0.6,+4.1 %,0.8007968127490044,10.080704139335342,4.0,37.367,47.534
ENEL.MI,Enel SpA,Italy,Utilities,Utilities—Diversified,6.19 EUR,101,6.44 %,buy,1.8,1.17,+24 %,0.922029702970297,10.798633158643632,1.0,35.852000000000004,23.584999
ENG.MC,"Enagás, S.A.",Spain,Utilities,Utilities—Regulated Gas,15.9 EUR,0,13.1 %,hold,3.3,-0.84,-9.9 %,0.38837209302325576,9.619025949622138,2.0,28.725,16.8
ENGI.PA,Engie SA,France,Utilities,Utilities—Diversified,14.8 EUR,0,9.65 %,buy,1.9,-1.05,+15 %,0.8263757115749524,10.559865621490085,3.0,38.278,27.521
ENI.MI,Eni S.p.A.,Italy,Energy,Oil & Gas Integrated,14.8 EUR,16,6.15 %,buy,2.1,-0.31,+23.9 %,0.9600526777875329,10.68652548294584,2.0,20.84,32.394
ENR.DE,Siemens Energy AG,Germany,Industrials,Specialty Industrial Machinery,12.2 EUR,0,0 %,buy,2.5,-0.02,-15.2 %,0.13530219780219785,9.988811707982592,3.0,26.981001999999997,31.909
EOAN.DE,E.ON SE,Germany,Utilities,Utilities—Diversified,11.4 EUR,0,4.49 %,buy,2.2,-4.48,+24.9 %,0.8303393213572855,10.475129741984157,1.0,41.067,15.0
ETE.AT,National Bank of Greece S.A.,Greece,Financial Services,Banks—Regional,5.94 EUR,60,0 %,buy,1.8,-4.08,+77.3 %,0.8384918401800788,9.735059426495482,2.0,28.388999999999996,40.39
EUROB.AT,Eurobank Ergasias Services and Holdings S.A.,Greece,Financial Services,Banks—Regional,1.49 EUR,0,0 %,buy,2.2,0.27,+61.5 %,0.7452085682074409,9.743569945934453,5.0,27.522000000000002,33.470002
EVN.VI,EVN AG,Austria,Utilities,Utilities—Diversified,23.1 EUR,0,2.26 %,buy,1.8,-128.7,+16.9 %,0.9562500000000003,9.613624940874999,10.0,4.1419999999999995,79.34
EYDAP.AT,Athens Water Supply and Sewerage Company S.A.,Greece,Utilities,Utilities—Regulated Water,6.42 EUR,0,0.32 %,none,,,-15.3 %,0.20111731843575437,8.834884625680663,5.0,16.514999,61.33
FBK.MI,FinecoBank Banca Fineco S.p.A.,Italy,Financial Services,Banks—Regional,11.7 EUR,0,4.11 %,buy,2.2,0.97,-4.99 %,0.05654008438818551,9.876977955456638,1.0,80.70099400000001,0.0
FDR.MC,"Fluidra, S.A.",Spain,Industrials,Specialty Industrial Machinery,19.6 EUR,0,3.45 %,buy,2.5,2.6,+21.4 %,0.7805864509605661,9.56357308722375,6.0,47.884998,49.175000000000004
FER.MC,Ferrovial SE,Spain,Industrials,Infrastructure Operations,29.6 EUR,0,2.24 %,buy,2.4,,+14.8 %,0.905354919053549,10.335118424418045,2.0,12.275,33.486
FORTUM.HE,Fortum Oyj,Finland,Utilities,Utilities—Renewable,12.3 EUR,0,7.49 %,buy,2.0,-0.54,+23.3 %,0.4135714285714286,10.041941746037725,1.0,20.003,53.016
FRE.DE,Fresenius SE & Co. KGaA,Germany,Healthcare,Medical Care Facilities,28.2 EUR,0,3.24 %,buy,2.2,1.56,+11.6 %,0.799249530956848,10.2010942541898,2.0,36.525002,26.959
G.MI,Assicurazioni Generali S.p.A.,Italy,Financial Services,Insurance—Diversified,19.1 EUR,0,6.1 %,hold,2.7,0.8,+27.2 %,0.9033333333333331,10.460214097848496,1.0,34.852,16.567999999999998
GALP.LS,"Galp Energia, SGPS, S.A.",Portugal,Energy,Oil & Gas Integrated,13.7 EUR,0,3.96 %,buy,2.4,1.83,+26.8 %,1.0,10.035302857310473,7.0,37.183,44.713002
GBLB.BR,Groupe Bruxelles Lambert SA,Belgium,Financial Services,Asset Management,74.7 EUR,0,3.68 %,buy,1.7,12.48,-2.66 %,0.43968253968253923,10.004133968566876,5.0,30.316,56.633
GEKTERNA.AT,"GEK TERNA Holdings, Real Estate, Construction S.A.",Greece,Industrials,Engineering & Construction,12.5 EUR,0,1.56 %,none,,,+30.5 %,0.6443768996960486,9.080261121917362,10.0,11.6689995,44.547
GLE.PA,Société Générale Société anonyme,France,Financial Services,Banks—Regional,25.3 EUR,0,6.69 %,buy,2.2,0.09,+7.08 %,0.6572469367479854,10.323838970949723,2.0,48.246,8.375
GLPG.AS,Galapagos NV,Belgium,Healthcare,Biotechnology,34.6 EUR,0,0 %,hold,2.7,-0.68,-27.8 %,0.0684713375796178,9.365399895046481,7.0,31.324,26.214
GRF.MC,"Grifols, S.A.",Spain,Healthcare,Drug Manufacturers—General,12.1 EUR,0,0 %,buy,2.5,,-1.76 %,0.602510460251046,9.860530442286537,3.0,30.196,30.569000000000003
HEI.DE,Heidelberg Materials AG,Germany,Basic Materials,Building Materials,72 EUR,0,3.56 %,buy,2.4,1.8,+56.1 %,0.8519846350832266,10.127279513981687,4.0,38.303003000000004,27.671
HEIA.AS,Heineken N.V.,Netherlands,Consumer Defensive,Beverages—Brewers,87 EUR,0,2.22 %,buy,2.2,1.43,-5.42 %,0.3112062812276945,10.714425067367598,2.0,21.146,50.076
HO.PA,Thales S.A.,France,Industrials,Aerospace & Defense,139 EUR,2,2.14 %,buy,2.1,1.25,+17.9 %,0.8486111111111106,10.4611325063476,6.0,22.173001,54.078
HTO.AT,Hellenic Telecommunications Organization S.A.,Greece,Communication Services,Telecom Services,13.6 EUR,0,4.27 %,buy,2.5,1.7,-14.8 %,0.2857142857142856,9.76883186433398,9.0,18.028,56.832004000000005
IAG.MC,International Consolidated Airlines Group S.A.,United Kingdom,Industrials,Airlines,1.81 EUR,120,0 %,hold,2.6,1.53,+41.7 %,0.7817904374364192,9.948156376110605,8.0,15.815000000000001,25.514
IBE.MC,"Iberdrola, S.A.",Spain,Utilities,Utilities—Diversified,10.9 EUR,78,4.57 %,buy,2.1,1.53,+1.4 %,0.5768621236133125,10.840617623144205,3.0,44.223,0.234
IFX.DE,Infineon Technologies AG,Germany,Technology,Semiconductors,32.2 EUR,8,0.99 %,buy,1.9,0.8,+26.6 %,0.5614130434782609,10.622706978899496,1.0,57.269999999999996,0.0
IG.MI,Italgas S.p.A.,Italy,Utilities,Utilities—Regulated Gas,5.26 EUR,0,6 %,hold,2.6,1.35,+1.54 %,0.47603833865814693,9.630282653592394,1.0,37.820998,43.791000000000004
IIA.VI,IMMOFINANZ AG,Austria,Real Estate,Real Estate—Diversified,17.8 EUR,20,0 %,hold,3.0,1.89,+21.4 %,0.9373433583959899,9.39119255116943,4.0,3.1759999999999997,77.967
IMCD.AS,IMCD N.V.,Netherlands,Basic Materials,Specialty Chemicals,124 EUR,0,1.91 %,buy,2.4,2.67,-8.87 %,0.3268839103869656,9.857602609208962,1.0,80.22799499999999,1.73
INGA.AS,ING Groep N.V.,Netherlands,Financial Services,Banks—Diversified,12.7 EUR,0,5.5 %,buy,2.0,0.19,+40.7 %,0.8363777691410806,10.663479385566442,3.0,51.775000000000006,0.0020000001
IP.MI,Interpump Group S.p.A.,Italy,Industrials,Specialty Industrial Machinery,45.5 EUR,0,0.66 %,buy,1.7,,+28 %,0.6059027777777779,9.697481521718311,2.0,39.43,31.695
ISP.MI,Intesa Sanpaolo S.p.A.,Italy,Financial Services,Banks—Regional,2.41 EUR,130,10.2 %,buy,2.0,0.27,+30.1 %,0.7715559960356788,10.656650348617879,1.0,33.42,5.461
ITX.MC,"Industria de Diseño Textil, S.A.",Spain,Consumer Cyclical,Apparel Retail,35.3 EUR,26,1.12 %,buy,2.3,1.89,+63.3 %,0.9747508305647838,11.040652161417787,2.0,15.822,64.351
KBC.BR,KBC Group NV,Belgium,Financial Services,Banks—Regional,58 EUR,5,6.73 %,hold,2.8,0.7,+13.9 %,0.4365758754863813,10.391371732148357,4.0,34.937000000000005,32.728
KCR.HE,Konecranes Plc,Finland,Industrials,Farm & Heavy Construction Machinery,31.5 EUR,0,3.95 %,buy,2.0,0.34,+45.5 %,0.594304271796153,9.397047789895252,3.0,43.791999999999994,26.606
KEMIRA.HE,Kemira Oyj,Finland,Basic Materials,Chemicals,14.4 EUR,0,4.19 %,hold,2.7,0.89,+23 %,0.47867950481430543,9.345714124782322,4.0,37.767,29.645001999999998
KER.PA,Kering SA,France,Consumer Cyclical,Luxury Goods,470 EUR,2,2.99 %,buy,2.4,,-11.4 %,0.239420619142289,10.777463573138974,7.0,26.922,42.285000000000004
KESKOB.HE,Kesko Oyj,Finland,Consumer Defensive,Grocery Stores,18 EUR,0,5.98 %,buy,2.2,2.03,-15 %,0.26217891939769716,9.856897412746445,7.0,39.931,2.0280001999999997
KNEBV.HE,KONE Oyj,Finland,Industrials,Specialty Industrial Machinery,41 EUR,0,4.26 %,hold,2.9,1.5,+2.39 %,0.25812274368231036,10.326579317490445,8.0,30.568,28.310000000000002
KOJAMO.HE,Kojamo Oyj,Finland,Real Estate,Real Estate Services,8.91 EUR,0,4.32 %,hold,2.9,7.5,-47.7 %,0.1259029927760578,9.348357632658933,1.0,44.275,42.005002000000005
KPN.AS,Koninklijke KPN N.V.,Netherlands,Communication Services,Telecom Services,3.23 EUR,0,4.55 %,buy,2.4,2.0,+3.49 %,0.8142292490118577,10.105263937648012,1.0,58.561003,20.544999999999998
LAMDA.AT,Lamda Development S.A.,Greece,Real Estate,Real Estate—Development,6.39 EUR,0,0 %,strong_buy,1.5,,+9.52 %,0.4950980392156862,9.046932743869828,9.0,12.121,53.26
LDO.MI,Leonardo S.p.a.,Italy,Industrials,Aerospace & Defense,13.7 EUR,0,1.01 %,buy,1.9,0.59,+80.9 %,0.9694732358370013,9.897886399593935,1.0,19.689,30.203999999999997
LHA.DE,Deutsche Lufthansa AG,Germany,Industrials,Airlines,8.07 EUR,24,0 %,buy,2.3,0.21,+28.6 %,0.45608167576130965,9.984419502042082,3.0,19.442,15.071000000000002
LIN.DE,Linde plc,,,,362 EUR,2,0 %,none,,,nan %,0.9792802617230101,11.250215491523042,,,
LNZ.VI,Lenzing Aktiengesellschaft,Austria,Basic Materials,Chemicals,40.6 EUR,0,0 %,hold,2.8,1.45,-46.5 %,0.007643312101910757,9.19585259336106,9.0,7.482999599999999,40.714002
LOG.MC,"Compañía de Distribución Integral Logista Holdings, S.A.",Spain,Industrials,Integrated Freight & Logistics,25.2 EUR,0,5.8 %,buy,1.7,6.15,+24.9 %,0.9494680851063826,9.522106908475877,5.0,22.733999999999998,55.28999999999999
LR.PA,Legrand SA,France,Industrials,Electrical Equipment & Parts,90.8 EUR,0,2.09 %,hold,2.6,3.85,+21.2 %,0.914523974982627,10.383482499676711,2.0,53.65299999999999,5.367
MAP.MC,"Mapfre, S.A.",Spain,Financial Services,Insurance—Diversified,1.97 EUR,0,8.73 %,hold,2.7,2.37,+18.5 %,0.833013435700576,9.780409721326146,7.0,6.3200004000000005,69.8
MB.MI,Mediobanca Banca di Credito Finanziario S.p.A.,Italy,Financial Services,Banks—Regional,12.1 EUR,0,7 %,buy,2.5,0.65,+46.6 %,0.9571275455519827,10.006161627196397,2.0,28.022000000000002,25.4
MBG.DE,Mercedes-Benz Group AG,Germany,Consumer Cyclical,Auto Manufacturers,65.8 EUR,0,7.96 %,buy,2.0,12.87,+15.8 %,0.5964636542239686,10.84774267978392,3.0,33.769,21.825
MC.PA,"LVMH Moët Hennessy - Louis Vuitton, Société Européenne",France,Consumer Cyclical,Luxury Goods,740 EUR,1,1.66 %,buy,1.9,1.83,+11 %,0.46886092287834774,11.59763905130653,10.0,21.426001,48.389998
MEL.MC,"Meliá Hotels International, S.A.",Spain,Consumer Cyclical,Lodging,6.01 EUR,0,0 %,hold,2.7,2.05,+7.05 %,0.6876103070949523,9.121683926354473,4.0,22.03,54.859
MELE.BR,Melexis NV,Belgium,Technology,Semiconductors,82.5 EUR,0,4.23 %,hold,2.6,3.3,+7.75 %,0.3980222496909763,9.541341548945221,3.0,21.047,50.0
METSB.HE,Metsä Board Oyj,Finland,Consumer Cyclical,Packaging & Containers,7.36 EUR,0,7.83 %,hold,3.0,1.22,-10.8 %,0.40850277264325324,9.426288824815781,4.0,23.086001,52.942
ML.PA,Compagnie Générale des Établissements Michelin Société en commandite par actions,,,,29.5 EUR,0,0 %,buy,2.4,,nan %,0.8665899942495687,10.323389811374984,,,
MMK.VI,Mayr-Melnhof Karton AG,Austria,Consumer Cyclical,Packaging & Containers,130 EUR,0,3.22 %,buy,2.2,0.99,-9.94 %,0.15841584158415853,9.416307587059883,10.0,15.642,58.5
MOCORP.HE,,,,,None None,0,0 %,,,,nan %,,,,,
MOH.AT,Motor Oil (Hellas) Corinth Refineries S.A.,Greece,Energy,Oil & Gas Refining & Marketing,23.4 EUR,0,6.88 %,buy,2.5,0.19,+29.5 %,0.7731568998109642,9.405436730477188,8.0,14.892,46.608
MONC.MI,Moncler S.p.A.,Italy,Consumer Cyclical,Apparel Manufacturing,58.5 EUR,0,1.92 %,buy,2.0,2.21,+29.7 %,0.6327235070762858,10.229039878742427,3.0,54.82900000000001,23.721
MRK.DE,Merck KGaA,Germany,Healthcare,Drug Manufacturers—Specialty & Generic,165 EUR,3,1.31 %,buy,1.9,7.45,-3.99 %,0.33304195804195813,10.854829269446,7.0,57.958,0.0
MRL.MC,"MERLIN Properties SOCIMI, S.A.",Spain,Real Estate,REIT—Diversified,8.12 EUR,23,17.7 %,buy,2.0,0.93,-12.1 %,0.3968253968253968,9.583863092233216,4.0,35.292,33.058
MT.AS,ArcelorMittal S.A.,Luxembourg,Basic Materials,Steel,24.2 EUR,0,1.66 %,buy,2.2,-0.34,+5.76 %,0.4322986954565901,10.32194071692369,3.0,22.358,38.831002
MTX.DE,MTU Aero Engines AG,Germany,Industrials,Aerospace & Defense,208 EUR,0,1.52 %,buy,2.3,1.3,+25.7 %,0.6120959332638166,10.047798047503326,4.0,64.95300499999999,0.0
MUV2.DE,Münchener Rückversicherungs-Gesellschaft Aktiengesellschaft in München,Germany,Financial Services,Insurance—Reinsurance,363 EUR,0,3.22 %,buy,2.1,0.55,+41 %,0.9954716981132073,10.693885978346465,2.0,46.047002,0.0
MYTIL.AT,Mytilineos S.A.,Greece,Industrials,Conglomerates,35.2 EUR,0,3.5 %,buy,1.6,0.12,+145 %,0.8742490989187024,9.68673286562859,3.0,19.414,36.256
NDA FI.HE,,,,,None None,0,0 %,,,,nan %,,,,,
NDA.ST,,,,,None None,0,0 %,,,,nan %,,,,,
NESTE.HE,Neste Oyj,Finland,Energy,Oil & Gas Refining & Marketing,33.6 EUR,0,3.02 %,buy,2.1,1.3,-29.3 %,0.10112359550561802,10.414631105628354,1.0,26.838,45.146
NEXI.MI,Nexi S.p.A.,Italy,Technology,Software—Infrastructure,6.3 EUR,40,0 %,buy,2.1,,-26 %,0.022436733629011295,9.939990257148256,4.0,38.318002,36.620000000000005
NN.AS,NN Group N.V.,Netherlands,Financial Services,Insurance—Diversified,35.7 EUR,0,8.22 %,buy,2.0,1.27,-13.3 %,0.3059087509349289,9.994058090526016,2.0,63.6,0.006999999999999999
NOKIA.HE,Nokia Oyj,Finland,Technology,Communication Equipment,3.76 EUR,148,3.17 %,buy,2.2,4.87,-25.4 %,0.1951901565995524,10.319203307722379,1.0,34.52,6.4750000000000005
NTGY.MC,"Naturgy Energy Group, S.A.",Spain,Utilities,Utilities—Regulated Gas,26.6 EUR,0,6.44 %,underperform,3.9,13.18,-4.14 %,0.6547619047619047,10.410719435679379,6.0,44.342,44.816002
OMV.VI,OMV Aktiengesellschaft,Austria,Energy,Oil & Gas Integrated,45.3 EUR,5,6.22 %,buy,2.4,0.65,+8.79 %,0.5947910357359177,10.17083613278499,3.0,40.874,31.5
OPAP.AT,Organization of Football Prognostics S.A.,Greece,Consumer Cyclical,Gambling,16.3 EUR,0,9.01 %,buy,1.9,0.64,+22.8 %,0.876016260162601,9.784474716810728,4.0,15.253,50.18
OR.PA,L'Oréal S.A.,France,Consumer Defensive,Household & Personal Products,404 EUR,0,1.51 %,hold,2.7,3.78,+15.4 %,0.7297392529950668,11.343377098894472,6.0,16.018999,56.869
ORA.PA,Orange S.A.,France,Communication Services,Telecom Services,10.8 EUR,0,6.49 %,buy,2.2,0.68,+6.69 %,0.6131805157593123,10.457972632103248,3.0,43.614999999999995,21.034999
ORNBV.HE,Orion Oyj,Finland,Healthcare,Drug Manufacturers—General,37.8 EUR,0,4.25 %,hold,2.6,91.57,-16.3 %,0.21957790749887748,9.724369145382573,3.0,40.469003,3.431
OTOEL.AT,Autohellas S.A.,Greece,Consumer Cyclical,Auto & Truck Dealerships,13.8 EUR,0,4.68 %,buy,2.5,0.47,+38.9 %,0.8302583025830258,8.82343282706466,9.0,15.925999,60.06
OUT1V.HE,Outokumpu Oyj,Finland,Basic Materials,Steel,4.2 EUR,0,5.89 %,hold,2.6,-0.2,+10.2 %,0.29338677354709425,9.267756138597116,1.0,38.257000000000005,19.387999999999998
P911.DE,Dr. Ing. h.c. F. Porsche AG,Germany,Consumer Cyclical,Auto Manufacturers,101 EUR,0,0.99 %,hold,2.7,2.37,+22.6 %,0.5145754119138148,,10.0,14.363999999999999,75.0
PHIA.AS,Koninklijke Philips N.V.,Netherlands,Healthcare,Medical Devices,19.5 EUR,19,0 %,hold,3.2,0.76,+11.2 %,0.8388195232690123,10.26437670027699,3.0,70.705,0.11900000000000001
PIRC.MI,Pirelli & C. S.p.A.,Italy,Consumer Cyclical,Auto Parts,4.7 EUR,0,4.59 %,buy,1.9,1.1,+23.7 %,0.805540467137425,9.672467313068083,8.0,20.267001,65.060997
POST.VI,Österreichische Post AG,Austria,Industrials,Integrated Freight & Logistics,31.4 EUR,0,5.51 %,hold,3.4,-22.36,+3.93 %,0.5406698564593301,9.327262720859661,5.0,14.100999999999999,52.849996
PPC.AT,Public Power Corporation S.A.,Greece,Utilities,Utilities—Renewable,9.62 EUR,0,0 %,buy,1.7,0.84,+80.1 %,0.7443910256410255,9.565464110541777,5.0,25.777,34.12
PROX.BR,Proximus PLC,Belgium,Communication Services,Telecom Services,7.35 EUR,0,19.1 %,hold,3.1,-0.36,-39.9 %,0.16034597471723225,9.374791103403807,7.0,14.668999999999999,53.513
PRX.AS,Prosus N.V.,Netherlands,Communication Services,Internet Content & Information,63.1 EUR,13,0 %,buy,2.0,,+5.9 %,0.5832693783576361,11.276549457626931,5.0,76.97,0.632
PRY.MI,Prysmian S.p.A.,Italy,Industrials,Electrical Equipment & Parts,37.9 EUR,0,1.59 %,buy,2.2,0.6,+15.6 %,0.8173400673400671,10.014811432394156,5.0,77.713996,0.0
PST.MI,Poste Italiane S.p.A.,Italy,Industrials,Conglomerates,10.1 EUR,0,6.45 %,buy,2.1,0.75,+23 %,0.8445336008024072,10.122724701965579,2.0,12.222999,64.25999999999999
QUEST.AT,Quest Holdings S.A.,Greece,Technology,Electronics & Computer Distribution,6.2 EUR,0,3.19 %,none,,,+54.6 %,0.8096947935368043,8.819035244725606,8.0,7.043000000000001,74.731004
RACE.MI,Ferrari N.V.,Italy,Consumer Cyclical,Auto Manufacturers,279 EUR,3,0.65 %,buy,2.4,1.93,+42.6 %,0.8230769230769232,10.712225004242887,2.0,42.886,33.867002
RAND.AS,Randstad N.V.,Netherlands,Industrials,Staffing & Employment Services,52.1 EUR,0,5.42 %,underperform,3.6,-2.32,+10.1 %,0.48130160271976696,9.985159360222001,1.0,29.093999999999998,32.799
RBI.VI,Raiffeisen Bank International AG,Austria,Financial Services,Banks—Regional,12.9 EUR,31,0 %,hold,2.6,0.62,-0.844 %,0.21886120996441266,9.638334306590195,4.0,9.203999999999999,58.8
REC.MI,Recordati Industria Chimica e Farmaceutica S.p.A.,Italy,Healthcare,Drug Manufacturers—General,45.6 EUR,0,2.67 %,hold,2.7,2.68,+10.8 %,0.8634945397815913,9.978897441096112,3.0,26.860001999999998,51.82
RED.MC,"Redeia Corporación, S.A.",Spain,Utilities,Utilities—Regulated Electric,15.1 EUR,0,6.65 %,hold,3.3,-1.36,-16.8 %,0.15861214374225502,9.912325160792985,4.0,31.413000000000004,25.007
REN.AS,RELX PLC,United Kingdom,Industrials,Specialty Business Services,31.7 EUR,16,2.07 %,buy,2.2,,+18.9 %,0.9920424403183026,10.777403882450436,2.0,58.873003999999995,0.42900000000000005
RI.PA,Pernod Ricard SA,France,Consumer Defensive,Beverages—Wineries & Distilleries,174 EUR,0,2.65 %,buy,2.4,,-7.58 %,0.07741251325556744,10.662348547078007,3.0,48.744,23.977
RMS.PA,Hermès International Société en commandite par actions,France,Consumer Cyclical,Luxury Goods,1.85K EUR,0,0.71 %,hold,2.6,3.11,+40.1 %,0.7740449438202248,11.299661696798994,8.0,10.6400006,67.066
RWE.DE,RWE Aktiengesellschaft,Germany,Utilities,Utilities—Diversified,37.1 EUR,0,2.43 %,buy,1.7,-0.52,-10.4 %,0.1327433628318589,10.44085402060874,1.0,47.396,3.9619997
SAB.MC,"Banco de Sabadell, S.A.",Spain,Financial Services,Banks—Diversified,1.03 EUR,0,6.82 %,buy,2.3,0.22,+36.5 %,0.5447647951441578,9.757919772061598,2.0,29.826000000000004,0.153
SAF.PA,Safran SA,France,Industrials,Aerospace & Defense,149 EUR,0,0.92 %,buy,2.0,0.66,+43 %,0.9384224726233932,10.792629885178775,4.0,41.622,19.545001
SAMPO.HE,Sampo Oyj,Finland,Financial Services,Insurance—Diversified,40.7 EUR,0,4.43 %,buy,2.2,5.4,-11.5 %,0.22768974145120963,10.310229141883442,1.0,45.800999999999995,8.2440004
SAN.MC,"Banco Santander, S.A.",Spain,Financial Services,Banks—Diversified,3.41 EUR,0,3.52 %,buy,2.1,0.46,+33.2 %,0.6942067149440421,10.741588140841417,1.0,32.342,0.5559999999999999
SAN.PA,Sanofi,France,Healthcare,Drug Manufacturers—General,100 EUR,10,3.57 %,buy,2.3,1.58,+22.8 %,0.8281860134895278,11.099639990679481,1.0,46.57,11.359
SAP.DE,SAP SE,Germany,Technology,Software—Application,131 EUR,7,1.57 %,buy,2.2,1.16,+50.4 %,0.9957789716039908,11.186934172756503,2.0,37.507000000000005,11.700000000000001
SAR.AT,Gr. Sarantis S.A.,Greece,Consumer Defensive,Household & Personal Products,7.88 EUR,0,1.92 %,hold,3.0,,+35.4 %,0.7898550724637678,8.701507528437718,10.0,35.11,50.461999999999996
SBO.VI,Schoeller-Bleckmann Oilfield Equipment Aktiengesellschaft,Austria,Energy,Oil & Gas Equipment & Services,53.8 EUR,0,3.72 %,buy,1.7,0.11,-8.81 %,0.3487544483985765,8.934902258322314,9.0,33.255002,33.383
SGO.PA,Compagnie de Saint-Gobain S.A.,France,Industrials,Building Products & Equipment,57.4 EUR,0,3.49 %,buy,1.9,25.34,+38.1 %,0.8230712166172106,10.48782370263696,2.0,48.268001999999996,8.877
SHELL.AS,Shell plc,United Kingdom,Energy,Oil & Gas Integrated,29.5 EUR,8,4.08 %,buy,1.7,-1.06,+11.4 %,0.9772727272727273,11.29405409919616,1.0,40.942,0.059999997
SIE.DE,Siemens Aktiengesellschaft,Germany,Industrials,Specialty Industrial Machinery,137 EUR,6,3.11 %,buy,2.1,2.0,+30 %,0.5845961351313779,11.035911523156441,1.0,40.725,9.358
SOF.BR,Sofina Société Anonyme,Belgium,Financial Services,Asset Management,205 EUR,0,1.58 %,strong_buy,1.3,,+1.48 %,0.48396094839609477,9.842440744598598,6.0,7.1490005,54.596000000000004
SOLB.BR,Solvay SA,Belgium,Basic Materials,Chemicals,107 EUR,0,3.75 %,buy,2.5,7.23,+30.7 %,0.8310166257835921,10.052060570216094,3.0,23.698,30.707002
SPM.MI,Saipem SpA,Italy,Energy,Oil & Gas Equipment & Services,1.54 EUR,0,0 %,buy,2.0,-6.82,+118 %,0.9374699374699377,9.49695092742826,7.0,15.068999999999999,44.009998
SRG.MI,Snam S.p.A.,Italy,Utilities,Utilities—Regulated Gas,4.8 EUR,0,6.85 %,hold,2.6,7.42,+1.13 %,0.6811594202898545,10.206824626125137,1.0,27.613001999999998,38.900003
STERV.HE,Stora Enso Oyj,Finland,Basic Materials,Paper & Paper Products,11.4 EUR,0,5.18 %,hold,2.6,17.88,-18.1 %,0.2835394862036157,9.95305995343498,2.0,52.622,4.2680003
STLAM.MI,Stellantis N.V.,Netherlands,Consumer Cyclical,Auto Manufacturers,17 EUR,0,7.92 %,buy,1.7,,+27.5 %,0.7318881916714205,10.721643871086487,6.0,52.085,24.634
STMPA.PA,STMicroelectronics N.V.,Switzerland,Technology,Semiconductors,41.4 EUR,6,0.54 %,buy,2.3,1.62,+11.2 %,0.5542464408443791,10.59892102071249,3.0,35.992000000000004,27.511999999999997
STR.VI,Strabag SE,Austria,Industrials,Engineering & Construction,38.8 EUR,0,5.19 %,strong_buy,1.5,1.36,+0.391 %,0.4516129032258058,9.599979072405832,8.0,17.044999999999998,71.403
SU.PA,Schneider Electric S.E.,France,Industrials,Specialty Industrial Machinery,157 EUR,3,2.01 %,buy,2.4,2.87,+24.5 %,0.8089373680506687,10.946354753265577,2.0,69.57900500000001,7.197000000000001
SW.PA,Sodexo S.A.,France,Industrials,Specialty Business Services,101 EUR,0,2.41 %,buy,2.4,1.12,+23 %,0.8914185639229419,10.169130962535887,3.0,35.118,44.462
SY1.DE,Symrise AG,Germany,Basic Materials,Specialty Chemicals,92.4 EUR,0,1.13 %,buy,2.4,2.95,-11.8 %,0.17893452623017508,10.110904096249063,4.0,60.245000000000005,5.0240003
TEF.MC,"Telefónica, S.A.",Spain,Communication Services,Telecom Services,3.85 EUR,0,7.81 %,hold,2.7,,-2.29 %,0.6759956942949408,10.344711844610577,4.0,20.436001,8.6969994
TELIA1.HE,Telia Company AB (publ),Sweden,Communication Services,Telecom Services,1.86 EUR,0,9.66 %,buy,2.5,204.98,-44.7 %,0.06131207847946052,9.864605330295023,2.0,26.933,42.779
TEN.MI,Tenaris S.A.,Luxembourg,Energy,Oil & Gas Equipment & Services,15 EUR,13,3.26 %,buy,2.1,-4.81,+5.2 %,0.5336,10.251400359118303,10.0,12.2770004,60.519999999999996
TENERGY.AT,TERNA ENERGY Industrial Commercial Technical Societe Anonyme,Greece,Utilities,Utilities—Renewable,16.3 EUR,0,2.35 %,buy,2.5,,-6.37 %,0.21372854914196582,9.283059983509315,5.0,12.265999599999999,53.942
TIETO.HE,TietoEVRY Oyj,Finland,Technology,Information Technology Services,22.7 EUR,0,6.4 %,hold,2.8,1.36,-12.1 %,0.1258278145695365,9.42857857951667,,51.543000000000006,12.274000000000001
TIT.MI,Telecom Italia S.p.A.,Italy,Communication Services,Telecom Services,0.311 EUR,0,0 %,buy,2.4,-1.31,+57.3 %,0.892576946288473,9.795939525369397,4.0,21.909,33.560002
TITC.AT,Titan Cement International S.A.,Belgium,Basic Materials,Building Materials,17.8 EUR,0,3.39 %,buy,1.8,,+58.2 %,0.818181818181818,9.128763881622595,5.0,30.081999999999997,37.03
TKWY.AS,Just Eat Takeaway.com N.V.,Netherlands,Consumer Cyclical,Internet Retail,11.8 EUR,0,0 %,hold,2.6,-0.24,-33.1 %,0.020773856526756892,9.456523171922077,1.0,65.399003,7.164
TNET.BR,Telenet Group Holding NV,Belgium,Communication Services,Telecom Services,21.2 EUR,0,4.73 %,hold,3.0,-0.22,+48.6 %,0.979498861047836,9.361381495009857,5.0,13.459,59.226
TPEIR.AT,Piraeus Financial Holdings S.A.,Greece,Financial Services,Banks—Regional,3.1 EUR,0,0 %,buy,1.9,-0.66,+175 %,0.8084942084942086,9.60507444633235,3.0,41.432998,27.0
TRN.MI,Terna S.p.A.,Italy,Utilities,Utilities—Regulated Electric,7.77 EUR,0,5.56 %,hold,2.9,5.91,+8.42 %,0.7928007023705006,10.199272176852928,4.0,27.192,29.849999999999998
TTE.PA,TotalEnergies SE,France,Energy,Oil & Gas Integrated,60.4 EUR,3,4.94 %,buy,2.0,-0.79,+20.2 %,0.9628879892037788,11.162116511149879,2.0,45.414,7.146
TYRES.HE,Nokian Renkaat Oyj,Finland,Consumer Cyclical,Auto Parts,7.8 EUR,0,4.4 %,hold,3.1,-4.66,-29.8 %,0.09995903318312177,9.031332157461815,1.0,47.661,14.814
UBI.PA,Ubisoft Entertainment SA,France,Communication Services,Electronic Gaming & Multimedia,27.8 EUR,10,0 %,hold,2.7,2.65,-23.9 %,0.4798228346456692,9.56132307495579,5.0,48.126999999999995,28.559
UCB.BR,UCB SA,Belgium,Healthcare,Biotechnology,82.5 EUR,3,1.61 %,buy,2.3,1.41,+16.5 %,0.7168620378719566,10.195824518386818,3.0,40.793,38.039001999999996
UCG.MI,UniCredit S.p.A.,Italy,Financial Services,Banks—Regional,20.7 EUR,0,4.48 %,buy,2.0,0.24,+99.7 %,0.8071833648393194,10.596612331157289,5.0,47.319,3.5869999999999997
UMI.BR,Umicore SA,Belgium,Industrials,Pollution & Treatment Controls,23.3 EUR,0,3.39 %,hold,3.0,-2.23,-26 %,0.013186813186813428,9.76610345262855,6.0,48.657000000000004,15.93
UNA.AS,Unilever PLC,United Kingdom,Consumer Defensive,Household & Personal Products,47.1 EUR,0,3.64 %,none,,,+2.77 %,0.4456366237482119,11.075448105126974,9.0,50.101,3.0589999999999997
UNI.MC,"Unicaja Banco, S.A.",Spain,Financial Services,Banks—Regional,0.995 EUR,0,4.94 %,buy,2.2,65.42,+4.7 %,0.3383838383838385,9.423580604635905,5.0,21.556998999999998,55.2
UNI.MI,Unipol Gruppo S.p.A.,Italy,Financial Services,Insurance—Diversified,5.1 EUR,0,7.29 %,buy,2.0,2.87,+18.9 %,0.8972853998532645,9.56827245243649,7.0,15.970998999999999,48.549998
UPM.HE,UPM-Kymmene Oyj,Finland,Basic Materials,Paper & Paper Products,30.8 EUR,0,4.82 %,buy,2.1,4.57,-8.88 %,0.3954372623574145,10.215259758027159,2.0,50.495999999999995,3.1460000000000004
UQA.VI,UNIQA Insurance Group AG,Austria,Financial Services,Insurance—Diversified,7.5 EUR,0,7.34 %,buy,1.7,,+12.6 %,0.6477732793522268,9.362150112327676,6.0,6.503,63.2
URW.AS,,,,,None None,0,0 %,,,,nan %,,,,,
VALMT.HE,Valmet Oyj,Finland,Industrials,Specialty Industrial Machinery,22.9 EUR,0,5.67 %,buy,2.1,1.08,-8.71 %,0.22499041778459167,9.624656023082732,5.0,50.361,18.135998999999998
VER.VI,VERBUND AG,Austria,Utilities,Utilities—Renewable,75.2 EUR,8,3.28 %,hold,3.2,,-19.5 %,0.2678843226788432,10.417356317041287,3.0,12.443,30.0
VIE.PA,Veolia Environnement SA,France,Industrials,Waste Management,28.8 EUR,0,3.95 %,buy,2.0,0.85,+24.8 %,0.8779301194161876,10.307145319798526,2.0,54.568000000000005,6.495999500000001
VIG.VI,Vienna Insurance Group AG,Austria,Financial Services,Insurance—Diversified,25.4 EUR,0,5.14 %,buy,1.6,1.12,+11.2 %,0.7007299270072996,9.511187933317224,5.0,8.334999999999999,72.470003
VIO.AT,Viohalco S.A.,Belgium,Industrials,Metal Fabrication,6.45 EUR,0,1.89 %,none,,,+92.4 %,0.8229166666666667,9.23331659185785,7.0,2.3540001,83.949995
VIV.PA,Vivendi SE,France,Communication Services,Entertainment,8.19 EUR,0,3.06 %,buy,1.9,0.34,-6.03 %,0.2296577946768064,9.939853492779957,6.0,28.107,34.314
VNA.DE,Vonovia SE,Germany,Real Estate,Real Estate Services,22.1 EUR,12,3.78 %,buy,2.3,2.62,-15.2 %,0.5063197026022305,10.256123872428038,1.0,59.583,0.0
VOE.VI,Voestalpine AG,Austria,Basic Materials,Steel,26.9 EUR,0,5.58 %,buy,2.5,-0.18,+30.9 %,0.5091003640145606,9.663314435241903,8.0,24.285,29.757
VOW3.DE,Volkswagen AG,Germany,Consumer Cyclical,Auto Manufacturers,107 EUR,0,8.28 %,buy,2.4,0.34,-28 %,0.05237515225334954,10.765414512806432,10.0,23.854,0.0
WDP.BR,Warehouses De Pauw,Belgium,Real Estate,REIT—Industrial,25.1 EUR,15,3.97 %,hold,2.8,2.76,-15.1 %,0.3053435114503815,9.726480030516699,1.0,35.825002,21.603
WIE.VI,Wienerberger AG,Austria,Basic Materials,Building Materials,24.5 EUR,0,3.63 %,buy,2.5,-8.39,+5.32 %,0.45349952061361465,9.411243472301097,2.0,55.573004000000005,1.3010000000000002
WKL.AS,Wolters Kluwer N.V.,Netherlands,Industrials,Specialty Business Services,114 EUR,0,1.67 %,buy,2.4,2.89,+11.6 %,0.662632929959663,10.444210245718812,1.0,66.273004,0.041
WLN.PA,Worldline SA,France,Technology,Software—Infrastructure,28.1 EUR,0,0 %,buy,2.2,0.54,-41.9 %,0.05167464114832544,9.922682571449032,2.0,55.799,11.5059994
ZAL.DE,Zalando SE,Germany,Consumer Cyclical,Internet Retail,25.1 EUR,7,0 %,buy,2.4,8.66,+15.1 %,0.2215546376267367,9.812583678734699,5.0,60.480999999999995,10.0889996
