Yahoo Symbol,IBKR Symbol,Company Name,Country,Sector,Industry,Price,Current Shares,Dividend Yield,Sector Percentile of Dividend Yield,Overall Percentile of Dividend Yield,Recommendation Key,Recommendation Mean,Sector Percentile of Recommendation Mean,Overall Percentile of Recommendation Mean,PEG Ratio,Sector Percentile of PEG Ratio,Overall Percentile of PEG Ratio,Change 52w,Sector Percentile of Change 52w,Overall Percentile of Change 52w,"52 Week Relative Price (1=52 week high, 0=52 week low)",Sector Percentile of 52 Week Relative Price,Overall Percentile of 52 Week Relative Price,Market Cap,Sector Percentile of Market Cap,Overall Percentile of Market Cap,market_cap_raw,Overall Risk (1-10),Sector Percentile of Overall Risk,Overall Percentile of Overall Risk,Percent of Shares Held by Institutions,Sector Percentile of Percent of Shares Held by Institutions,Overall Percentile of Percent of Shares Held by Institutions,Percent of Shares Held by Insiders,Sector Percentile of Percent of Shares Held by Insiders,Overall Percentile of Percent of Shares Held by Insiders
0EXG.IL,JMT,"Jerónimo Martins, SGPS, S.A.",Portugal,Consumer Defensive,Food Distribution,23.7 EUR,14,2.3 %,46,36,none,,-1,-1,,-1,-1,+9.53 %,43,41,0.6115515288788224,43,45,15.2B EUR,43,58,15249681408.0,10.0,86,96,24.5 %,43,33,56.2 %,83,85
1COV.DE,1COV,Covestro AG,Germany,Basic Materials,Specialty Chemicals,49 EUR,0,0 %,5,6,buy,2.3,30,51,-2.25,8,6,+60.3 %,91,92,0.9231437255753366,86,86,9.3B EUR,47,45,9297954816.0,2.0,33,28,55.9 %,80,88,4.58 %,41,19
ABI.BR,ABI,Anheuser-Busch InBev SA/NV,Belgium,Consumer Defensive,Beverages—Brewers,52.8 EUR,3,1.44 %,16,24,buy,2.1,15,32,2.01,50,73,+7.27 %,36,38,0.44184634072274526,16,28,105B EUR,83,94,105082216448.0,8.0,63,87,14.7 %,10,14,48.7 %,50,75
ABN.AS,ABN,ABN AMRO Bank N.V.,Netherlands,Financial Services,Banks—Diversified,13.7 EUR,0,9.76 %,96,96,hold,2.6,84,76,0.59,42,35,+38.2 %,63,81,0.6039484771879137,33,43,12.7B EUR,56,54,12676946944.0,3.0,55,45,39.8 %,70,64,6.65 %,31,23
AC.PA,AC,Accor SA,France,Consumer Cyclical,Lodging,33.1 EUR,0,2.2 %,52,34,buy,2.1,29,32,0.73,38,43,+38.1 %,72,81,0.905240488155061,81,84,8.76B EUR,45,44,8762561536.0,8.0,75,87,52.9 %,81,83,20.9 %,31,41
ACA.PA,ACA,Crédit Agricole S.A.,France,Financial Services,Banks—Regional,11.7 EUR,0,9.14 %,94,95,hold,2.8,97,88,0.71,57,42,+25.5 %,45,67,0.9142857142857143,82,85,35.4B EUR,77,77,35382706176.0,7.0,94,80,11.1 %,12,7,63.1 %,89,91
ACKB.BR,ACKB,Ackermans & Van Haaren NV,Belgium,Industrials,Engineering & Construction,160 EUR,0,1.95 %,35,31,buy,2.0,29,22,,-1,-1,+13.5 %,28,46,0.8405063291139245,60,74,5.3B EUR,35,31,5302132224.0,8.0,88,87,13.4 %,13,11,33 %,58,59
ACS.MC,ACS,"ACS, Actividades de Construcción y Servicios, S.A.",Spain,Industrials,Engineering & Construction,32.2 EUR,0,11 %,98,98,buy,2.4,65,59,2.88,85,83,+43.7 %,86,85,0.9774011299435026,94,97,8.25B EUR,43,43,8250662912.0,7.0,80,80,20.9 %,30,24,19.2 %,28,37
ACX.MC,ACX,"Acerinox, S.A.",Spain,Basic Materials,Steel,9.24 EUR,0,6.66 %,91,85,buy,1.8,5,10,-0.22,26,18,-0.0219 %,30,29,0.5183121019108283,52,35,2.3B EUR,25,11,2301850368.0,1.0,8,9,41.7 %,58,68,5.5 %,52,21
AD.AS,AD,Koninklijke Ahold Delhaize N.V.,Netherlands,Consumer Defensive,Grocery Stores,30.4 EUR,8,3.56 %,76,51,buy,2.0,3,22,3.08,72,85,+10.9 %,56,43,0.6970983722576083,63,53,29.5B EUR,56,74,29463242752.0,1.0,6,9,53.6 %,90,84,0.081 %,3,10
ADS.DE,ADS,adidas AG,Germany,Consumer Cyclical,Footwear & Accessories,182 EUR,0,0.4 %,18,14,hold,2.6,72,76,-1.39,6,8,+17.3 %,43,54,0.9256302521008405,85,87,32.4B EUR,58,77,32410214400.0,3.0,27,45,52.2 %,77,82,11 %,18,29
ADYEN.AS,ADYEN,Adyen N.V.,Netherlands,Technology,Software—Infrastructure,773 EUR,0,0 %,13,6,hold,2.7,80,83,,-1,-1,-49.9 %,3,0,0.020213779235898,3,0,46B EUR,83,81,45967183872.0,1.0,17,9,76.9 %,96,98,16.4 %,63,35
AED.BR,AED,Aedifica NV/SA,Belgium,Real Estate,REIT—Healthcare Facilities,60.4 EUR,0,6.5 %,77,82,buy,2.1,36,32,2.5,65,77,-38.4 %,13,2,0.18015102481121903,22,10,3.06B EUR,59,18,3056033280.0,1.0,18,9,36 %,50,54,0.061 %,22,9
AEGN.AT,32A,Aegean Airlines S.A.,Greece,Industrials,Airlines,13.5 EUR,0,0 %,5,6,buy,2.5,76,68,0.44,27,31,+173 %,96,98,0.9659574468085106,90,94,1.22B EUR,5,4,1215452544.0,10.0,97,96,7.43 %,5,4,62 %,90,91
AENA.MC,AENA,"Aena S.M.E., S.A.",Spain,Industrials,Airports & Air Services,145 EUR,0,3.35 %,56,48,hold,2.6,84,76,0.13,15,24,+15.5 %,35,48,0.7970204841713221,54,68,21.7B EUR,71,67,21727500288.0,3.0,43,45,23.7 %,37,31,51 %,79,78
AGN.AS,AGN,Aegon N.V.,Netherlands,Financial Services,Insurance—Diversified,4.74 EUR,0,5.48 %,47,73,hold,2.6,84,76,-2.27,3,5,+7.5 %,22,39,0.6434400502197115,36,47,9.04B EUR,47,44,9037782016.0,1.0,13,9,32.6 %,45,47,15 %,47,33
AGS.BR,AGS,ageas SA/NV,Belgium,Financial Services,Insurance—Diversified,37.8 EUR,0,8.19 %,87,93,hold,2.7,91,83,0.76,64,45,-9.09 %,5,21,0.3551724137931034,12,21,6.98B EUR,43,38,6981912064.0,2.0,38,28,37.8 %,61,58,7.31 %,33,25
AI.PA,AI,L'Air Liquide S.A.,France,Basic Materials,Specialty Chemicals,166 EUR,3,1.81 %,25,29,buy,2.1,16,32,2.76,73,80,+29.5 %,75,74,0.9547663551401872,97,92,86.4B EUR,97,92,86397796352.0,2.0,33,28,31.4 %,36,44,2.93 %,25,15
AIR.PA,AIR,Airbus SE,Netherlands,Industrials,Aerospace & Defense,133 EUR,7,1.39 %,22,23,buy,2.1,41,32,1.4,61,60,+31.4 %,67,77,0.8813169984686067,75,81,106B EUR,96,94,105515376640.0,1.0,5,9,35.9 %,56,53,25.8 %,37,46
AKZA.AS,AKZA,Akzo Nobel N.V.,Netherlands,Basic Materials,Specialty Chemicals,74.7 EUR,0,2.69 %,36,40,buy,2.5,66,68,0.71,44,42,+16.3 %,58,51,0.808388157894737,75,70,12.7B EUR,63,54,12736996352.0,2.0,33,28,67.4 %,91,95,1.54 %,13,13
ALPHA.AT,ALPHA,Alpha Services and Holdings S.A.,Greece,Financial Services,Banks—Regional,1.54 EUR,0,0 %,5,6,buy,2.3,69,51,0.11,14,22,+66.3 %,84,94,0.8385262679099387,63,73,3.62B EUR,12,21,3617321472.0,3.0,55,45,38.8 %,63,61,9 %,43,27
ALV.DE,ALV,Allianz SE,Germany,Financial Services,Insurance—Diversified,226 EUR,4,5.13 %,38,70,buy,2.1,43,32,0.88,69,49,+32.1 %,61,78,0.9598226655583263,91,93,90.6B EUR,98,92,90558316544.0,5.0,76,64,39 %,66,61,0.003 %,12,6
AMP.MI,AMP2,Amplifon S.p.A.,Italy,Healthcare,Medical Distribution,30.5 EUR,0,0.97 %,32,18,buy,2.3,42,51,2.51,62,77,+17.2 %,67,53,0.553763440860215,39,38,6.92B EUR,25,37,6923709952.0,8.0,89,87,32.5 %,39,46,42.2 %,82,69
AMS.MC,AMS,"Amadeus IT Group, S.A.",Spain,Consumer Cyclical,Travel Services,63.2 EUR,8,1.21 %,39,22,buy,2.4,50,59,0.08,20,21,+16.8 %,39,52,0.7232952305873079,47,56,28.2B EUR,54,72,28153956352.0,1.0,6,9,71.3 %,97,97,0.02 %,6,8
ANA.MC,ANA,"Acciona, S.A.",Spain,Industrials,Engineering & Construction,133 EUR,0,3.57 %,67,51,hold,2.8,90,88,1.73,72,67,-35 %,1,3,0.12583182093163936,3,7,7.29B EUR,39,40,7293325312.0,5.0,59,64,15.8 %,18,16,56.3 %,88,86
ANDR.VI,ANDR,Andritz AG,Austria,Industrials,Industrial Distribution,47.7 EUR,0,4.56 %,81,65,buy,1.8,12,10,1.68,69,66,+1.95 %,13,31,0.20924574209245753,5,12,4.72B EUR,28,29,4717701632.0,6.0,71,73,32 %,47,45,31.5 %,50,56
ANE.MC,ANE,"Corporación Acciona Energías Renovables, S.A.",Spain,Utilities,Utilities—Renewable,27.9 EUR,0,2.69 %,27,40,buy,2.2,42,42,,-1,-1,-37.1 %,2,3,0.15719063545150505,12,9,9.19B EUR,42,45,9185848320.0,,-1,-1,11.7 %,12,8,82.6 %,97,99
ARGX.BR,ARGX,argenx SE,Netherlands,Healthcare,Biotechnology,467 EUR,2,0 %,14,6,buy,1.9,7,15,,-1,-1,+23 %,96,65,0.8471372984991662,75,75,27.9B EUR,67,72,27878090752.0,5.0,57,64,37.8 %,53,57,0 %,10,3
ASM.AS,ASM,ASM International NV,Netherlands,Technology,Semiconductor Equipment & Materials,435 EUR,0,0.59 %,36,15,buy,2.3,61,51,4.31,87,89,+58.8 %,96,91,0.8314648729446936,90,72,21.4B EUR,56,66,21391300608.0,1.0,17,9,55.7 %,70,87,5.53 %,23,21
ASML.AS,ASML,ASML Holding N.V.,Netherlands,Technology,Semiconductor Equipment & Materials,613 EUR,2,0.99 %,43,19,buy,2.2,38,42,1.34,54,58,+23.7 %,70,66,0.7360012408872343,76,58,263B EUR,96,99,262969638912.0,1.0,17,9,53 %,63,84,0.008 %,10,7
ATO.PA,ATO,Atos SE,France,Technology,Information Technology Services,7.07 EUR,0,0 %,13,6,hold,3.5,96,99,0.06,12,20,-30.1 %,10,5,0.06537634408602146,23,3,1.56B EUR,16,6,1562013824.0,2.0,50,28,28.3 %,23,39,3.07 %,16,16
ATS.VI,ATS,AT & S Austria Technologie & Systemtechnik Aktiengesellschaft,Austria,Technology,Electronic Components,33.3 EUR,14,1.24 %,56,22,none,,-1,-1,-0.3,4,17,-26.1 %,23,8,0.4172447968285432,43,25,1.3B EUR,10,5,1295259008.0,9.0,96,92,15.3 %,10,15,35.7 %,76,64
AZM.MI,AZM,Azimut Holding S.p.A.,Italy,Financial Services,Asset Management,21.1 EUR,0,6.27 %,66,80,buy,2.2,55,42,1.03,71,51,+29.7 %,54,75,0.731804586241276,50,57,2.97B EUR,5,18,2966393344.0,9.0,98,92,20.6 %,19,23,20.5 %,54,39
BAMI.MI,BAMI,Banco BPM S.p.A.,Italy,Financial Services,Banks—Regional,4.42 EUR,0,5.3 %,45,71,buy,1.7,9,5,0.3,31,29,+77.7 %,89,95,0.9087174806024646,80,85,6.72B EUR,38,36,6723162112.0,1.0,13,9,37.5 %,59,56,0 %,4,3
BAS.DE,BAS,BASF SE,Germany,Basic Materials,Chemicals,46 EUR,6,7.55 %,97,89,buy,2.4,44,59,-1.35,14,9,+7.62 %,47,40,0.5006195786864931,47,34,41B EUR,91,79,41038159872.0,3.0,58,45,26.2 %,25,34,0 %,2,3
BAYN.DE,BAYN,Bayer Aktiengesellschaft,Germany,Healthcare,Drug Manufacturers—General,50.7 EUR,6,4.8 %,96,68,buy,2.2,25,42,-3.21,4,4,-2.85 %,32,26,0.20938818565400844,25,12,49.8B EUR,75,83,49779421184.0,6.0,67,73,50.2 %,82,80,0 %,10,3
BBVA.MC,BBVA,"Banco Bilbao Vizcaya Argentaria, S.A.",Spain,Financial Services,Banks—Diversified,7.35 EUR,45,6.01 %,52,76,buy,2.3,69,51,0.26,25,28,+62.3 %,80,92,0.935126582278481,84,89,43.8B EUR,82,80,43846205440.0,1.0,13,9,32.8 %,47,47,0.029 %,17,8
BEI.DE,BEI,Beiersdorf Aktiengesellschaft,Germany,Consumer Defensive,Household & Personal Products,121 EUR,0,0.58 %,10,15,buy,2.5,53,68,2.87,61,82,+19.5 %,83,58,0.777115275411698,76,65,27.4B EUR,50,70,27388395520.0,8.0,63,87,19.6 %,23,21,51.2 %,70,79
BELA.AT,BELA,Jumbo S.A.,Greece,Consumer Cyclical,Specialty Retail,29 EUR,0,0 %,8,6,buy,1.6,2,2,1.6,56,65,+101 %,97,96,0.987538940809969,97,98,3.95B EUR,28,24,3945740032.0,4.0,39,56,39.8 %,60,64,19.4 %,27,38
BG.VI,BG,BAWAG Group AG,Austria,Financial Services,Banks—Regional,42.4 EUR,0,8.81 %,89,93,buy,1.8,16,10,6.74,93,92,-4.56 %,8,24,0.2224239673172946,3,14,3.49B EUR,10,20,3491094016.0,4.0,66,56,61.7 %,91,93,3.25 %,24,17
BKT.MC,BKT,"Bankinter, S.A.",Spain,Financial Services,Banks—Regional,6.09 EUR,0,6.17 %,59,79,buy,2.3,69,51,0.69,54,41,+19.9 %,36,59,0.5926285160038799,26,41,5.48B EUR,24,32,5476293632.0,3.0,55,45,32.4 %,43,46,29.1 %,63,51
BMED.MI,BMED,Banca Mediolanum S.p.A.,Italy,Financial Services,Banks—Regional,8.37 EUR,0,6.09 %,55,78,strong_buy,1.5,2,0,1.15,76,54,+30.1 %,56,75,0.669073405535499,38,49,6.29B EUR,36,36,6285652480.0,4.0,66,56,12.6 %,15,11,69.4 %,94,94
BMW.DE,BMW,Bayerische Motoren Werke Aktiengesellschaft,Germany,Consumer Cyclical,Auto Manufacturers,97.6 EUR,0,8.81 %,97,93,hold,2.8,89,88,-0.35,11,15,+30.9 %,68,76,0.6472678809418038,35,48,64.3B EUR,80,89,64257896448.0,7.0,64,80,23 %,39,30,48.6 %,60,75
BN.PA,BN,Danone S.A.,France,Consumer Defensive,Packaged Foods,53.7 EUR,0,3.74 %,90,54,hold,2.6,65,76,4.07,94,88,+3.09 %,23,33,0.45736946463978856,23,29,36.2B EUR,63,78,36195151872.0,1.0,6,9,59.1 %,96,91,2.19 %,16,15
BNP.PA,BNP,BNP Paribas SA,France,Financial Services,Banks—Regional,59.9 EUR,5,6.69 %,75,85,buy,2.0,30,22,0.62,48,38,+28.3 %,50,71,0.7207295548146696,47,55,72.9B EUR,96,91,72859361280.0,3.0,55,45,47.8 %,84,76,13.1 %,45,32
BPE.MI,BPE,BPER Banca SpA,Italy,Financial Services,Banks—Regional,2.8 EUR,0,4.42 %,29,61,buy,2.1,43,32,0.11,14,22,+84.5 %,91,95,0.7667605633802819,56,63,3.96B EUR,17,24,3963527168.0,1.0,13,9,20.9 %,22,25,30.1 %,66,54
CA.PA,CA,Carrefour SA,France,Consumer Defensive,Grocery Stores,17.4 EUR,0,3.08 %,70,42,buy,2.1,15,32,0.58,5,35,+10.8 %,50,43,0.6657303370786518,50,48,12.4B EUR,30,53,12437474304.0,7.0,43,80,39.1 %,63,62,23.1 %,30,42
CABK.MC,CABK,"CaixaBank, S.A.",Spain,Financial Services,Banks—Regional,3.86 EUR,0,6.09 %,55,78,buy,2.3,69,51,0.53,37,33,+30.2 %,59,75,0.7388632872503842,52,59,28.9B EUR,73,74,28908369920.0,1.0,13,9,21 %,24,25,49.6 %,77,76
CAI.VI,CAI,CA Immobilien Anlagen AG,Austria,Real Estate,Real Estate Services,30.4 EUR,0,3.33 %,31,47,buy,2.1,36,32,-0.62,15,12,-3.67 %,77,25,0.6441441441441444,77,47,2.97B EUR,50,18,2973474560.0,7.0,86,80,73.8 %,95,97,0 %,9,3
CAP.PA,CAP,Capgemini SE,France,Technology,Information Technology Services,169 EUR,0,2 %,70,32,buy,1.8,3,10,1.44,62,61,-5.43 %,50,23,0.44266666666666654,50,28,30.9B EUR,63,76,30894485504.0,2.0,50,28,56.7 %,83,88,9.82 %,36,28
CENER.AT,CENER,Cenergy Holdings SA,Belgium,Industrials,Electrical Equipment & Parts,7.2 EUR,0,0.73 %,13,17,none,,-1,-1,,-1,-1,+178 %,98,99,0.9853862212943636,96,98,1.38B EUR,9,6,1379167232.0,,-1,-1,1.7 %,1,0,79.8 %,96,98
CGCBV.HE,CGCBV,Cargotec Corporation,Finland,Industrials,Specialty Industrial Machinery,43.3 EUR,0,3.23 %,54,45,buy,1.9,19,15,0.23,22,27,+25.6 %,47,67,0.5403942790877464,22,37,2.78B EUR,18,16,2781665536.0,8.0,88,87,34 %,52,49,33.9 %,62,62
CLNX.MC,CLNX,"Cellnex Telecom, S.A.",Spain,Real Estate,Real Estate Services,35.2 EUR,0,0.1 %,22,13,buy,1.7,13,5,-5.01,5,2,-12 %,59,17,0.610544217687075,68,44,24.8B EUR,95,68,24829411328.0,1.0,18,9,56.1 %,77,88,15.2 %,40,34
CNHI.MI,CNHI,CNH Industrial N.V.,United Kingdom,Industrials,Farm & Heavy Construction Machinery,12.4 EUR,20,3.01 %,50,41,buy,2.1,41,32,0.11,11,22,-0.647 %,9,28,0.21645445641527922,7,13,16.6B EUR,64,60,16557750272.0,9.0,94,92,54.8 %,86,85,27.2 %,41,48
COFB.BR,COFB,Cofinimmo SA,Belgium,Real Estate,REIT—Diversified,71.3 EUR,0,8.91 %,86,94,buy,2.5,59,68,2.53,75,78,-31.9 %,22,4,0.12613784135240558,13,8,2.52B EUR,31,13,2523585280.0,2.0,45,28,35.5 %,31,52,5.85 %,31,21
COL.MC,COL,"Inmobiliaria Colonial, SOCIMI, S.A.",Spain,Real Estate,REIT—Office,5.55 EUR,0,4.71 %,68,66,hold,2.6,68,76,1.99,45,71,-9.44 %,68,20,0.41985645933014354,50,26,2.95B EUR,40,17,2952293376.0,5.0,72,64,47.9 %,68,77,28.1 %,59,50
COLR.BR,COLR,Etn. Fr. Colruyt NV,Belgium,Consumer Defensive,Grocery Stores,35 EUR,0,2.3 %,46,36,hold,3.4,96,98,1.34,16,58,+28.3 %,96,72,0.9486068111455109,96,91,4.46B EUR,10,28,4462471680.0,10.0,86,96,7.57 %,3,5,60 %,96,89
CPR.MI,CPR,Davide Campari-Milano N.V.,Italy,Consumer Defensive,Beverages—Wineries & Distilleries,12.1 EUR,0,0.5 %,3,14,buy,2.5,53,68,,-1,-1,+17.8 %,70,55,0.8091954022988507,90,70,13.8B EUR,36,56,13821286400.0,7.0,43,80,23.2 %,36,31,54.3 %,76,83
CS.PA,CS,AXA SA,France,Financial Services,Insurance—Diversified,27.9 EUR,10,6.21 %,61,79,buy,1.8,16,10,1.46,81,62,+17.7 %,26,55,0.7186223000583771,45,55,64B EUR,94,89,63997128704.0,2.0,38,28,42.3 %,75,69,20.2 %,52,39
DB1.DE,DB1,Deutsche Börse AG,Germany,Financial Services,Financial Data & Stock Exchanges,164 EUR,0,2.21 %,15,35,buy,2.3,69,51,2.0,84,72,-2.49 %,12,26,0.29936305732484086,8,18,30.2B EUR,75,76,30197508096.0,1.0,13,9,62.4 %,94,93,0 %,4,3
DBK.DE,DBK,Deutsche Bank Aktiengesellschaft,Germany,Financial Services,Banks—Regional,10.3 EUR,0,3.03 %,17,41,buy,2.5,79,68,-1.55,6,7,+20.7 %,40,61,0.590846860942695,24,41,20.9B EUR,63,64,20905613312.0,2.0,38,28,39.2 %,68,62,7.89 %,36,25
DG.PA,DG,Vinci SA,France,Industrials,Engineering & Construction,104 EUR,0,3.96 %,69,56,buy,1.8,12,10,1.77,75,68,+12.9 %,26,45,0.726869455006337,41,56,62.7B EUR,90,87,62664130560.0,2.0,23,28,39.4 %,60,63,10 %,20,28
DHL.DE,DHL,Deutsche Post AG,Germany,Industrials,Integrated Freight & Logistics,43 EUR,0,4.39 %,79,61,buy,2.1,41,32,20.5,96,97,+15.6 %,37,49,0.7697179044329303,45,64,51.3B EUR,86,84,51285962752.0,2.0,23,28,33.2 %,50,48,20.5 %,32,40
DIA.MI,DIA,DiaSorin S.p.A.,Italy,Healthcare,Diagnostics & Research,95.1 EUR,0,1.18 %,39,21,hold,2.8,89,88,6.21,79,92,-28.4 %,10,6,0.11507704310512958,10,5,5.07B EUR,10,29,5066727936.0,10.0,96,96,21 %,3,25,57.5 %,96,88
DOC.VI,DOC,DO & CO Aktiengesellschaft,Austria,Industrials,Airports & Air Services,108 EUR,0,0.93 %,17,18,buy,2.0,29,22,,-1,-1,+41.6 %,79,83,0.5613793103448275,26,39,1.11B EUR,3,2,1108602752.0,5.0,59,64,45 %,71,72,34.2 %,64,63
DTE.DE,DTE,Deutsche Telekom AG,Germany,Communication Services,Telecom Services,19.6 EUR,7,3.64 %,34,53,buy,1.9,7,15,2.65,68,79,+3.26 %,80,34,0.38303030303030305,50,23,97.3B EUR,88,93,97275961344.0,3.0,26,45,46.7 %,73,74,18.3 %,26,37
DTG.DE,DTG,Daimler Truck Holding AG,Germany,Industrials,Farm & Heavy Construction Machinery,32.5 EUR,0,4.03 %,73,57,buy,1.8,12,10,0.55,30,34,+26.3 %,50,68,0.8495986480777354,62,76,27.8B EUR,77,71,27772747776.0,2.0,23,28,29.6 %,43,41,42.1 %,69,68
EBS.VI,EBS,Erste Group Bank AG,Austria,Financial Services,Banks—Regional,33.4 EUR,16,5.78 %,50,76,buy,2.0,30,22,0.61,45,37,+48.9 %,70,88,0.7477592829705507,54,60,13.6B EUR,59,56,13620452352.0,3.0,55,45,36.4 %,56,55,24.3 %,56,44
EEE.AT,EEE1,Coca-Cola HBC AG,Switzerland,Consumer Defensive,Beverages—Non-Alcoholic,26.9 EUR,0,2.95 %,63,41,hold,3.0,84,92,,-1,-1,+15.7 %,63,49,0.6706783369803062,56,49,9.91B EUR,23,48,9907323904.0,10.0,86,96,28.7 %,50,40,46.9 %,43,73
EL.PA,EL,EssilorLuxottica Société anonyme,France,Healthcare,Medical Instruments & Supplies,176 EUR,0,1.86 %,60,30,buy,2.3,42,51,2.15,54,74,+16.6 %,60,52,0.7665369649805448,60,62,79.5B EUR,89,91,79497125888.0,5.0,57,64,27.1 %,17,36,36.2 %,67,64
ELE.MC,ELE,"Endesa, S.A.",Spain,Utilities,Utilities—Regulated Electric,19.4 EUR,0,16.7 %,97,98,buy,2.3,50,51,1.62,76,66,+8.8 %,67,41,0.7157258064516127,72,55,20.5B EUR,62,63,20529606656.0,1.0,10,9,10.1 %,7,6,70.1 %,87,95
ELI.BR,ELI1,Elia Group SA/NV,Belgium,Utilities,Utilities—Regulated Electric,106 EUR,0,1.83 %,7,30,buy,2.5,57,68,,-1,-1,-29.8 %,7,5,0.13926325247079963,7,8,7.79B EUR,32,42,7791880192.0,7.0,92,80,13.2 %,27,11,54.2 %,77,83
ELISA.HE,ELISA,Elisa Oyj,Finland,Communication Services,Telecom Services,45.2 EUR,0,4.84 %,65,68,hold,3.3,96,97,3.8,86,87,-16.5 %,26,12,0.0699588477366256,19,4,7.25B EUR,42,39,7252700672.0,4.0,46,56,39 %,57,61,11.5 %,19,31
ELLAKTOR.AT,ELLAKTOR,Ellaktor S.A.,Greece,Industrials,Engineering & Construction,2.44 EUR,0,0 %,5,6,none,,-1,-1,,-1,-1,+39.1 %,73,81,0.7687609075043629,43,63,848M EUR,1,2,847847488.0,5.0,59,64,57.4 %,88,89,29.9 %,45,53
ELPE.AT,ELPE,HELLENiQ ENERGY Holdings S.A.,Greece,Energy,Oil & Gas Integrated,8.31 EUR,0,9.39 %,95,95,hold,2.8,95,88,-0.38,45,14,+19.4 %,75,58,0.8603773584905663,75,78,2.54B EUR,25,14,2539826944.0,9.0,75,92,2.41 %,5,1,80.9 %,95,98
EN.PA,EN,Bouygues SA,France,Industrials,Engineering & Construction,31.7 EUR,0,5.74 %,90,75,buy,2.5,76,68,0.61,38,37,+7.01 %,20,38,0.7968127490039844,52,68,12.2B EUR,58,53,12232676352.0,4.0,52,56,37.4 %,58,56,47.5 %,75,74
ENEL.MI,ENEL,Enel SpA,Italy,Utilities,Utilities—Diversified,6.21 EUR,101,6.55 %,67,83,buy,1.8,15,10,1.16,56,54,+27.4 %,87,70,0.9286303630363036,97,87,63.1B EUR,92,87,63060017152.0,1.0,10,9,35.9 %,67,54,23.6 %,22,43
ENG.MC,ENG,"Enagás, S.A.",Spain,Utilities,Utilities—Regulated Gas,15.7 EUR,0,13.3 %,92,98,hold,3.3,89,97,-0.84,30,10,-16.5 %,22,12,0.2830739299610895,27,16,4.1B EUR,22,25,4103182592.0,2.0,34,28,28.7 %,57,40,16.8 %,17,36
ENGI.PA,ENGI,Engie SA,France,Utilities,Utilities—Diversified,15 EUR,0,9.53 %,87,96,buy,1.9,23,15,-1.07,23,10,+22.4 %,82,65,0.874762808349146,92,81,36.4B EUR,87,78,36388712448.0,3.0,55,45,38.3 %,77,59,27.5 %,32,49
ENI.MI,ENI,Eni S.p.A.,Italy,Energy,Oil & Gas Integrated,14.4 EUR,16,6.43 %,65,81,buy,2.1,55,32,-0.31,55,16,+16.9 %,65,53,0.8630377524143985,85,78,47.2B EUR,75,82,47197073408.0,2.0,30,28,20.8 %,45,24,32.4 %,35,58
ENR.DE,ENR,Siemens Energy AG,Germany,Industrials,Specialty Industrial Machinery,13.5 EUR,0,0 %,5,6,buy,2.5,76,68,-0.02,9,20,-14 %,5,15,0.22149725274725274,9,13,10.7B EUR,54,50,10716075008.0,3.0,43,45,27 %,39,36,31.9 %,54,57
EOAN.DE,EOAN,E.ON SE,Germany,Utilities,Utilities—Diversified,11.4 EUR,0,4.5 %,42,63,buy,2.2,42,42,-4.47,10,3,+31.6 %,92,78,0.8303393213572855,77,72,29.9B EUR,82,75,29862746112.0,2.0,34,28,41.1 %,82,67,15 %,12,33
ETE.AT,ETE,National Bank of Greece S.A.,Greece,Financial Services,Banks—Regional,6.36 EUR,60,0 %,5,6,buy,1.8,16,10,-4.68,1,3,+101 %,94,96,0.9555430500844119,89,92,5.81B EUR,26,33,5813756928.0,2.0,38,28,28.4 %,33,39,40.4 %,73,67
EUROB.AT,EUROB,Eurobank Ergasias Services and Holdings S.A.,Greece,Financial Services,Banks—Regional,1.58 EUR,0,0 %,5,6,buy,2.2,55,42,0.3,31,29,+68.2 %,87,94,0.842164599774521,66,74,5.86B EUR,29,33,5859714560.0,5.0,76,64,27.5 %,29,37,33.5 %,70,60
EVN.VI,EVN,EVN AG,Austria,Utilities,Utilities—Diversified,22.4 EUR,0,2.39 %,22,38,buy,1.8,15,10,-128.7,3,0,+11.1 %,72,44,0.8687500000000004,87,79,3.98B EUR,17,25,3983194880.0,10.0,97,96,4.14 %,2,1,79.3 %,92,98
EYDAP.AT,EYDAP,Athens Water Supply and Sewerage Company S.A.,Greece,Utilities,Utilities—Regulated Water,6.62 EUR,0,4.31 %,37,60,none,,-1,-1,,-1,-1,-15 %,27,14,0.2814070351758795,22,16,705M EUR,2,1,705030016.0,4.0,68,56,16.5 %,32,19,61.3 %,82,91
FBK.MI,FBK,FinecoBank Banca Fineco S.p.A.,Italy,Financial Services,Banks—Regional,12.8 EUR,0,3.89 %,26,55,buy,2.2,55,42,0.75,62,44,+17.9 %,31,56,0.34042553191489366,10,20,8.07B EUR,45,42,8072365056.0,1.0,13,9,80.7 %,98,99,0 %,4,3
FDR.MC,FDR,"Fluidra, S.A.",Spain,Industrials,Specialty Industrial Machinery,20.6 EUR,0,3.47 %,64,50,buy,2.5,76,68,2.6,80,78,+26.8 %,54,70,0.8806875631951466,73,81,3.85B EUR,22,23,3845211392.0,6.0,71,73,47.9 %,73,76,49.2 %,77,76
FER.MC,FER,Ferrovial SE,Spain,Industrials,Infrastructure Operations,29.3 EUR,0,2.28 %,45,35,buy,2.4,65,59,,-1,-1,+14.5 %,30,48,0.8567870485678707,67,78,21.3B EUR,69,65,21348534272.0,2.0,23,28,12.3 %,11,9,33.5 %,60,61
FORTUM.HE,FORTUM,Fortum Oyj,Finland,Utilities,Utilities—Renewable,12.4 EUR,0,7.49 %,82,88,buy,2.0,28,22,-0.54,43,14,+15.8 %,77,50,0.4743487506645403,37,31,11.1B EUR,47,52,11148505088.0,1.0,10,9,20 %,37,22,53 %,67,81
FRE.DE,FRE,Fresenius SE & Co. KGaA,Germany,Healthcare,Medical Care Facilities,29.6 EUR,0,3.14 %,75,44,buy,2.1,17,32,1.61,45,65,+20.2 %,82,60,0.9287054409005627,82,88,16.7B EUR,53,60,16666182656.0,1.0,3,9,36.5 %,46,55,27 %,53,48
G.MI,G,Assicurazioni Generali S.p.A.,Italy,Financial Services,Insurance—Diversified,19.1 EUR,0,6.23 %,63,80,hold,2.7,91,83,0.8,67,46,+26.7 %,47,69,0.8966666666666665,75,83,28.8B EUR,70,73,28795025408.0,1.0,13,9,34.9 %,52,50,16.6 %,50,35
GBLB.BR,GBLB,Groupe Bruxelles Lambert SA,Belgium,Financial Services,Asset Management,74 EUR,0,3.79 %,24,54,buy,1.8,16,10,12.13,96,95,-3.63 %,10,25,0.3809523809523809,15,22,10.2B EUR,52,50,10247709696.0,5.0,76,64,30.3 %,38,43,56.6 %,84,86
GEKTERNA.AT,GEKTERNA,"GEK TERNA Holdings, Real Estate, Construction S.A.",Greece,Industrials,Engineering & Construction,13.4 EUR,0,1.46 %,24,24,none,,-1,-1,,-1,-1,+40.3 %,77,82,0.7872340425531914,50,66,1.29B EUR,7,4,1293452160.0,10.0,97,96,11.7 %,7,7,44.5 %,73,71
GLE.PA,GLE,Société Générale Société anonyme,France,Financial Services,Banks—Regional,26.4 EUR,0,6.56 %,70,83,buy,2.2,55,42,0.09,10,21,+19 %,33,57,0.7786731427309855,59,65,21.4B EUR,66,66,21378983936.0,2.0,38,28,48.2 %,87,78,8.38 %,40,26
GLPG.AS,GLPG,Galapagos NV,Belgium,Healthcare,Biotechnology,35 EUR,0,0 %,14,6,hold,2.7,78,83,-0.62,12,12,-30.1 %,3,5,0.09182590233545633,3,5,2.45B EUR,3,12,2448508160.0,7.0,78,80,31.3 %,32,44,26.2 %,46,47
GRF.MC,GRF,"Grifols, S.A.",Spain,Healthcare,Drug Manufacturers—General,12.8 EUR,0,0 %,14,6,buy,2.5,60,68,,-1,-1,+7.16 %,39,38,0.6875871687587168,46,52,7.67B EUR,32,41,7673753088.0,3.0,32,45,30.2 %,25,42,30.6 %,60,55
HEI.DE,HEI,Heidelberg Materials AG,Germany,Basic Materials,Building Materials,75.2 EUR,0,3.54 %,47,51,buy,2.4,44,59,0.76,50,45,+62.5 %,97,93,0.9339308578745199,91,88,14B EUR,75,57,14001186816.0,4.0,75,56,38.3 %,52,60,27.7 %,63,50
HEIA.AS,HEIA,Heineken N.V.,Netherlands,Consumer Defensive,Beverages—Brewers,90.6 EUR,0,2.14 %,36,33,buy,2.3,38,51,1.48,27,62,-0.111 %,10,28,0.438258386866524,10,28,51.9B EUR,76,84,51879653376.0,2.0,16,28,21.1 %,30,26,50.1 %,56,77
HO.PA,HO,Thales S.A.,France,Industrials,Aerospace & Defense,134 EUR,2,2.22 %,43,35,buy,2.2,52,42,1.22,53,55,+10.5 %,22,42,0.7125000000000001,39,54,28.9B EUR,81,74,28878725120.0,6.0,71,73,22.2 %,32,28,54.1 %,84,82
HTO.AT,HTO,Hellenic Telecommunications Organization S.A.,Greece,Communication Services,Telecom Services,14 EUR,0,4.18 %,42,59,buy,2.5,53,68,1.78,50,68,-12.9 %,34,16,0.35960591133004915,34,21,5.94B EUR,26,34,5943963648.0,9.0,96,92,18 %,19,20,56.8 %,88,87
IAG.MC,IAG,International Consolidated Airlines Group S.A.,United Kingdom,Industrials,Airlines,1.89 EUR,120,0 %,5,6,hold,2.6,84,76,1.53,64,63,+51.1 %,88,89,0.8723296032553408,71,80,9.48B EUR,45,46,9477293056.0,8.0,88,87,15.8 %,20,17,25.5 %,35,46
IBE.MC,IBE,"Iberdrola, S.A.",Spain,Utilities,Utilities—Diversified,11.2 EUR,78,4.52 %,47,64,buy,2.1,34,32,1.53,70,63,+3.38 %,62,34,0.6830427892234547,62,51,71.4B EUR,97,90,71408902144.0,2.0,34,28,44.2 %,87,71,0.234 %,2,11
IFX.DE,IFX,Infineon Technologies AG,Germany,Technology,Semiconductors,33.2 EUR,8,1 %,50,19,buy,2.0,11,22,0.81,29,47,+31 %,76,76,0.6168478260869563,63,45,43.3B EUR,70,80,43276361728.0,1.0,17,9,57.3 %,90,89,0 %,3,3
IG.MI,IG,Italgas S.p.A.,Italy,Utilities,Utilities—Regulated Gas,5.28 EUR,0,6.08 %,57,77,hold,2.6,68,76,1.33,63,57,-1.42 %,47,27,0.4856230031948885,42,32,4.28B EUR,27,26,4280733952.0,2.0,34,28,37.8 %,72,58,43.8 %,57,70
IIA.VI,IIA,IMMOFINANZ AG,Austria,Real Estate,Real Estate—Diversified,18.1 EUR,20,0 %,9,6,hold,3.0,90,92,1.89,35,69,+20.3 %,95,61,0.9674185463659146,95,95,2.49B EUR,22,12,2491792128.0,5.0,72,64,3.18 %,4,1,78 %,95,97
IMCD.AS,IMCD,IMCD N.V.,Netherlands,Basic Materials,Specialty Chemicals,127 EUR,0,1.92 %,30,31,buy,2.4,44,59,2.7,67,79,-10.8 %,19,18,0.38900203665987804,25,23,7.4B EUR,41,40,7396974080.0,1.0,8,9,80.2 %,97,99,1.73 %,19,14
INGA.AS,INGA,ING Groep N.V.,Netherlands,Financial Services,Banks—Diversified,13.4 EUR,0,5.24 %,43,71,buy,2.0,30,22,0.2,18,25,+51.2 %,75,89,0.9722872755659638,96,95,47.6B EUR,87,82,47642644480.0,3.0,55,45,51.8 %,89,81,0.002 %,10,6
IP.MI,IP,Interpump Group S.p.A.,Italy,Industrials,Specialty Industrial Machinery,46.5 EUR,0,0.67 %,11,16,buy,1.7,6,5,,-1,-1,+28.8 %,58,72,0.6497395833333334,37,48,5.15B EUR,30,30,5149568000.0,2.0,23,28,39.4 %,62,63,31.7 %,52,57
ISP.MI,ISP,Intesa Sanpaolo S.p.A.,Italy,Financial Services,Banks—Regional,2.49 EUR,130,9.91 %,98,97,buy,2.0,30,22,0.27,28,28,+43.2 %,66,85,0.8498513379583746,70,77,45.5B EUR,84,81,45547196416.0,1.0,13,9,33.4 %,50,48,5.46 %,29,20
ITX.MC,ITX,"Industria de Diseño Textil, S.A.",Spain,Consumer Cyclical,Apparel Retail,35.2 EUR,26,1.15 %,35,21,buy,2.3,39,51,1.89,61,69,+56.2 %,93,91,0.9761114797611148,93,96,110B EUR,89,94,109657014272.0,2.0,16,28,15.8 %,18,17,64.4 %,85,93
KBC.BR,KBC,KBC Group NV,Belgium,Financial Services,Banks—Regional,62 EUR,5,6.64 %,73,84,hold,2.8,97,88,0.73,59,43,+29.2 %,52,73,0.6025934401220443,29,42,27.3B EUR,68,70,27256963072.0,4.0,66,56,34.9 %,54,51,32.7 %,68,58
KCR.HE,KCR,Konecranes Plc,Finland,Industrials,Farm & Heavy Construction Machinery,31.6 EUR,0,4.14 %,75,58,buy,2.0,29,22,0.33,25,30,+32 %,69,78,0.598800899325506,30,42,2.5B EUR,15,12,2501997568.0,3.0,43,45,43.8 %,69,70,26.6 %,39,47
KEMIRA.HE,KEMIRA,Kemira Oyj,Finland,Basic Materials,Chemicals,14.5 EUR,0,4.37 %,63,61,hold,2.9,97,90,0.86,55,48,+19.3 %,63,58,0.4938101788170564,41,33,2.23B EUR,19,9,2233634816.0,4.0,75,56,37.8 %,41,58,29.6 %,69,52
KER.PA,KER,Kering SA,France,Consumer Cyclical,Luxury Goods,499 EUR,2,2.87 %,56,40,buy,2.4,50,59,,-1,-1,-4.09 %,22,24,0.4058506106219823,27,25,61.4B EUR,71,87,61357539328.0,6.0,58,73,26.9 %,52,35,42.3 %,52,69
KESKOB.HE,KESKOB,Kesko Oyj,Finland,Consumer Defensive,Grocery Stores,17.9 EUR,0,6.14 %,96,78,buy,2.2,26,42,1.99,38,71,-15.3 %,3,13,0.24357838795394157,3,14,7.16B EUR,16,38,7156598272.0,7.0,43,80,39.9 %,70,65,2.03 %,10,14
KNEBV.HE,KNEBV,KONE Oyj,Finland,Industrials,Specialty Industrial Machinery,43.3 EUR,0,4.17 %,77,58,hold,2.8,90,88,1.56,67,64,+3.69 %,15,35,0.39771359807460877,13,24,22.4B EUR,73,67,22411880448.0,8.0,88,87,30.6 %,45,43,28.3 %,43,51
KOJAMO.HE,KOJAMO,Kojamo Oyj,Finland,Real Estate,Real Estate Services,8.79 EUR,0,4.69 %,59,65,hold,3.0,90,92,7.06,95,93,-48.6 %,4,1,0.11403508771929823,4,5,2.17B EUR,13,9,2173631488.0,1.0,18,9,44.3 %,59,71,42 %,77,68
KPN.AS,KPN,Koninklijke KPN N.V.,Netherlands,Communication Services,Telecom Services,3.21 EUR,0,4.62 %,50,65,buy,2.4,38,59,1.97,59,70,-0.965 %,57,28,0.7878787878787878,88,67,12.7B EUR,65,53,12655513600.0,1.0,3,9,58.6 %,88,90,20.5 %,34,40
LAMDA.AT,LAMDA,Lamda Development S.A.,Greece,Real Estate,Real Estate—Development,6.88 EUR,0,0 %,9,6,strong_buy,1.5,4,0,,-1,-1,+14.4 %,86,47,0.7377450980392156,86,58,1.2B EUR,4,3,1200427392.0,9.0,95,92,12.1 %,13,8,53.3 %,86,81
LDO.MI,LDO,Leonardo S.p.a.,Italy,Industrials,Aerospace & Defense,13.1 EUR,0,1.08 %,20,20,buy,1.9,19,15,0.56,32,34,+58.2 %,90,91,0.9415160261279052,88,91,7.62B EUR,41,41,7617958400.0,1.0,5,9,19.7 %,28,21,30.2 %,47,55
LHA.DE,LHA,Deutsche Lufthansa AG,Germany,Industrials,Airlines,8.37 EUR,24,0 %,5,6,buy,2.3,56,51,0.21,19,25,+39.4 %,75,82,0.5080091533180778,18,35,10B EUR,50,49,10000274432.0,3.0,43,45,19.4 %,26,21,15.1 %,22,34
LNZ.VI,LNZ,Lenzing Aktiengesellschaft,Austria,Basic Materials,Chemicals,43.8 EUR,0,0 %,5,6,hold,2.8,91,88,1.45,61,61,-42.5 %,2,1,0.08789808917197443,2,4,1.69B EUR,8,7,1691477120.0,9.0,97,92,7.48 %,2,4,40.7 %,97,68
LOG.MC,LOG,"Compañía de Distribución Integral Logista Holdings, S.A.",Spain,Industrials,Integrated Freight & Logistics,25 EUR,0,5.76 %,92,75,buy,1.7,6,5,6.15,93,91,+27.8 %,56,71,0.9202127659574466,81,86,3.3B EUR,20,20,3298411776.0,5.0,59,64,22.7 %,35,29,55.3 %,86,85
LR.PA,LR,Legrand SA,France,Industrials,Electrical Equipment & Parts,91.2 EUR,0,2.13 %,39,33,hold,2.6,84,76,3.83,90,87,+22.8 %,45,65,0.9298123697011815,84,88,24.5B EUR,75,68,24461572096.0,2.0,23,28,53.7 %,81,85,5.37 %,9,20
MAP.MC,MAP,"Mapfre, S.A.",Spain,Financial Services,Insurance—Diversified,1.95 EUR,0,8.93 %,91,95,hold,2.7,91,83,2.37,86,75,+17.8 %,29,55,0.7907869481765836,61,67,5.96B EUR,31,34,5963894272.0,7.0,94,80,6.32 %,1,2,69.8 %,96,95
MB.MI,MB,Mediobanca Banca di Credito Finanziario S.p.A.,Italy,Financial Services,Banks—Regional,12.1 EUR,0,7.19 %,77,87,buy,2.5,79,68,0.64,52,39,+49.5 %,73,88,0.9657020364415863,94,94,10.2B EUR,50,49,10193753088.0,2.0,38,28,28 %,31,38,25.4 %,59,45
MBG.DE,MBG,Mercedes-Benz Group AG,Germany,Consumer Cyclical,Auto Manufacturers,67.8 EUR,0,7.76 %,81,90,buy,2.0,20,22,21.58,97,97,+18.8 %,47,57,0.6750491159135561,39,50,72.6B EUR,84,91,72567250944.0,3.0,27,45,33.8 %,56,49,21.8 %,35,42
MC.PA,MC,"LVMH Moët Hennessy - Louis Vuitton, Société Européenne",France,Consumer Cyclical,Luxury Goods,810 EUR,1,1.53 %,43,25,buy,1.9,12,15,2.01,70,73,+20.7 %,52,61,0.6947402387867053,43,53,428B EUR,97,99,428204064768.0,10.0,91,96,21.4 %,31,27,48.4 %,56,74
MEL.MC,MEL,"Meliá Hotels International, S.A.",Spain,Consumer Cyclical,Lodging,6.14 EUR,0,0 %,8,6,hold,2.7,83,83,2.05,75,74,+2.04 %,27,31,0.7352629721143663,52,58,1.35B EUR,10,5,1353104384.0,4.0,39,56,22 %,35,28,54.9 %,72,84
MELE.BR,MELE,Melexis NV,Belgium,Technology,Semiconductors,86.7 EUR,0,4.11 %,90,58,hold,2.6,73,76,3.42,79,86,+13.2 %,56,45,0.4993819530284302,56,34,3.59B EUR,30,21,3589051648.0,3.0,71,45,21 %,16,26,50 %,90,77
METSB.HE,METSB,Metsä Board Oyj,Finland,Consumer Cyclical,Packaging & Containers,7.28 EUR,0,8.01 %,91,91,hold,3.0,93,92,1.2,52,55,-15.1 %,14,14,0.3770794824399261,22,21,2.64B EUR,19,15,2640584960.0,5.0,50,64,23.1 %,43,30,52.9 %,68,80
MMK.VI,MMK,Mayr-Melnhof Karton AG,Austria,Consumer Cyclical,Packaging & Containers,131 EUR,0,3.23 %,60,45,buy,2.2,35,42,0.99,43,50,-13.2 %,18,15,0.16831683168316858,14,10,2.62B EUR,15,14,2616000000.0,10.0,91,96,15.6 %,14,16,58.5 %,77,88
MOH.AT,MOH,Motor Oil (Hellas) Corinth Refineries S.A.,Greece,Energy,Oil & Gas Refining & Marketing,23.1 EUR,0,7.26 %,85,88,hold,2.6,85,76,0.21,75,25,+27.4 %,85,71,0.7429111531190927,45,59,2.51B EUR,15,13,2505564672.0,8.0,65,87,14.9 %,25,14,46.6 %,75,73
MONC.MI,MONC,Moncler S.p.A.,Italy,Consumer Cyclical,Apparel Manufacturing,63.9 EUR,0,1.81 %,47,29,buy,2.0,20,22,2.38,84,76,+40.7 %,77,83,0.8177424922333448,68,71,17.7B EUR,50,61,17721212928.0,3.0,27,45,54.8 %,85,86,23.7 %,39,43
MRK.DE,MRK,Merck KGaA,Germany,Healthcare,Drug Manufacturers—Specialty & Generic,164 EUR,3,1.37 %,46,23,buy,1.9,7,15,7.21,87,94,-5.54 %,25,23,0.325174825174825,32,19,71.4B EUR,82,90,71390543872.0,7.0,78,80,58 %,89,90,0 %,10,3
MRL.MC,MRL,"MERLIN Properties SOCIMI, S.A.",Spain,Real Estate,REIT—Diversified,8.16 EUR,23,18 %,95,99,buy,2.0,22,22,0.93,25,50,-12.6 %,50,16,0.41950113378684756,40,25,3.82B EUR,68,22,3824045056.0,3.0,59,45,35.3 %,22,52,33.1 %,68,59
MT.AS,MT,ArcelorMittal S.A.,Luxembourg,Basic Materials,Steel,24.7 EUR,0,1.67 %,19,28,buy,2.2,25,42,-0.35,20,15,+2.67 %,36,32,0.4741340530814217,36,30,21.2B EUR,86,65,21228435456.0,3.0,58,45,22.4 %,8,29,38.8 %,91,66
MTX.DE,MTX,MTU Aero Engines AG,Germany,Industrials,Aerospace & Defense,207 EUR,0,1.56 %,26,25,buy,2.4,65,59,1.26,56,56,+15.4 %,32,48,0.6068821689259647,32,44,11.1B EUR,56,52,11136591872.0,2.0,23,28,65 %,92,94,0 %,2,3
MUV2.DE,MUV2,Münchener Rückversicherungs-Gesellschaft Aktiengesellschaft in München,Germany,Financial Services,Insurance—Reinsurance,359 EUR,0,3.26 %,19,45,buy,2.1,43,32,0.55,40,34,+51.3 %,77,90,0.9906832298136646,98,99,48.8B EUR,89,83,48832700416.0,2.0,38,28,46 %,80,73,0 %,4,3
MYTIL.AT,MYTIL,Mytilineos S.A.,Greece,Industrials,Conglomerates,38.3 EUR,0,3.36 %,58,48,buy,1.6,3,2,0.13,15,24,+144 %,94,98,0.9991990388466161,98,99,5.29B EUR,32,31,5292439552.0,3.0,43,45,19.4 %,24,20,36.3 %,67,65
NESTE.HE,NESTE,Neste Oyj,Finland,Energy,Oil & Gas Refining & Marketing,34.1 EUR,0,3.09 %,15,43,buy,2.1,55,32,1.29,95,57,-34.4 %,5,4,0.1157791890571567,5,6,26.2B EUR,65,69,26180257792.0,1.0,10,9,26.8 %,55,34,45.1 %,65,72
NEXI.MI,NEXI,Nexi S.p.A.,Italy,Technology,Software—Infrastructure,6.6 EUR,40,0 %,13,6,buy,2.1,19,32,,-1,-1,-18.5 %,36,11,0.03746155996645243,16,1,9.35B EUR,36,46,9345197056.0,5.0,82,64,38.3 %,50,60,36.6 %,83,65
NN.AS,NN,NN Group N.V.,Netherlands,Financial Services,Insurance—Diversified,38.1 EUR,0,8.17 %,84,92,buy,2.1,43,32,1.28,79,56,-14.6 %,1,15,0.4824233358264771,19,31,10.9B EUR,54,51,10850287616.0,2.0,38,28,63.6 %,96,94,0.007 %,15,7
NOKIA.HE,NOKIA,Nokia Oyj,Finland,Technology,Communication Equipment,3.65 EUR,148,3.43 %,83,49,buy,2.2,38,42,4.57,95,90,-26 %,30,8,0.13534675615212527,36,8,20.2B EUR,50,63,20249098240.0,1.0,17,9,34.5 %,30,50,6.48 %,30,22
NTGY.MC,NTGY,"Naturgy Energy Group, S.A.",Spain,Utilities,Utilities—Regulated Gas,27 EUR,0,6.47 %,62,82,underperform,3.9,97,99,13.18,96,96,-6.64 %,37,22,0.678925035360679,57,50,26.1B EUR,67,69,26134323200.0,6.0,86,73,44.3 %,92,71,44.8 %,62,72
OMV.VI,OMV,OMV Aktiengesellschaft,Austria,Energy,Oil & Gas Integrated,42.6 EUR,5,6.65 %,75,85,buy,2.4,75,59,0.65,85,40,+4.55 %,35,36,0.43246517262265305,25,27,13.9B EUR,45,56,13943036928.0,3.0,45,45,40.9 %,75,66,31.5 %,25,56
OPAP.AT,OPAP,Organization of Football Prognostics S.A.,Greece,Consumer Cyclical,Gambling,15.7 EUR,0,7.59 %,77,90,buy,2.1,29,32,0.62,34,38,+16.5 %,35,51,0.7520325203252028,60,61,5.78B EUR,36,32,5781257728.0,4.0,39,56,15.3 %,10,15,50.2 %,64,78
OR.PA,OR,L'Oréal S.A.,France,Consumer Defensive,Household & Personal Products,409 EUR,0,1.49 %,23,25,hold,2.8,73,88,4.01,83,88,+18.3 %,76,56,0.7642706131078222,70,62,222B EUR,96,98,221938515968.0,6.0,30,73,16 %,16,18,56.9 %,90,87
ORA.PA,ORA,Orange S.A.,France,Communication Services,Telecom Services,10.4 EUR,0,6.82 %,73,86,buy,2.2,26,42,0.65,40,40,+1.48 %,65,31,0.4613180515759307,57,29,27.6B EUR,80,71,27578394624.0,3.0,26,45,43.6 %,65,70,21 %,42,41
ORNBV.HE,ORNBV,Orion Oyj,Finland,Healthcare,Drug Manufacturers—General,36.9 EUR,0,4.5 %,89,63,hold,2.6,67,76,87.6,95,99,-20.6 %,17,11,0.1805118994162549,17,11,5.19B EUR,17,30,5185559552.0,3.0,32,45,40.5 %,60,65,3.43 %,32,17
OTOEL.AT,0AH1,Autohellas S.A.,Greece,Consumer Cyclical,Auto & Truck Dealerships,14.1 EUR,0,4.78 %,68,67,buy,2.5,62,68,0.44,29,31,+44.6 %,81,85,0.8858195211786374,77,82,680M EUR,2,1,680088768.0,8.0,75,87,15.9 %,22,18,60.1 %,81,90
OUT1V.HE,OUT,Outokumpu Oyj,Finland,Basic Materials,Steel,4.23 EUR,0,6.03 %,86,77,hold,2.6,83,76,-0.2,32,19,+5.28 %,41,37,0.3066132264529057,8,18,1.83B EUR,13,8,1834246016.0,1.0,8,9,38.3 %,47,59,19.4 %,58,38
P911.DE,P911,Dr. Ing. h.c. F. Porsche AG,Germany,Consumer Cyclical,Auto Manufacturers,103 EUR,0,1.01 %,31,20,hold,2.7,83,83,2.35,79,75,+21.6 %,56,63,0.5487959442332067,31,38,None EUR,-1,-1,,10.0,91,96,14.4 %,6,13,75 %,97,97
PHIA.AS,PHIA,Koninklijke Philips N.V.,Netherlands,Healthcare,Medical Devices,20.8 EUR,19,0 %,14,6,hold,3.2,96,95,0.8,20,46,+21.6 %,89,63,0.9784335981838818,96,98,19.1B EUR,60,62,19091763200.0,3.0,32,45,70.7 %,96,96,0.119 %,25,10
PIRC.MI,PIRC,Pirelli & C. S.p.A.,Italy,Consumer Cyclical,Auto Parts,4.6 EUR,0,4.85 %,72,68,buy,1.9,12,15,1.03,47,51,+22.2 %,60,64,0.7501357957631722,56,61,4.65B EUR,32,28,4654233088.0,8.0,75,87,20.3 %,27,22,65.1 %,89,93
POST.VI,POST,Österreichische Post AG,Austria,Industrials,Integrated Freight & Logistics,31.6 EUR,0,5.55 %,88,73,hold,3.4,96,98,-22.36,1,0,+16.1 %,39,51,0.5550239234449762,24,38,2.13B EUR,13,8,2134662144.0,6.0,71,73,14.1 %,15,12,52.8 %,81,80
PPC.AT,PPC,Public Power Corporation S.A.,Greece,Utilities,Utilities—Renewable,10.3 EUR,0,0 %,2,6,buy,1.7,5,5,0.83,50,47,+96 %,97,95,0.8477564102564101,82,76,3.92B EUR,12,23,3923140096.0,5.0,78,64,25.8 %,42,33,34.1 %,47,62
PROX.BR,PROX,Proximus PLC,Belgium,Communication Services,Telecom Services,6.84 EUR,0,21 %,96,99,hold,3.1,88,95,-0.54,13,14,-47.5 %,11,1,0.06630322675703552,11,3,2.29B EUR,3,10,2291830784.0,7.0,88,80,14.7 %,11,13,53.5 %,80,81
PRX.AS,PRX,Prosus N.V.,Netherlands,Communication Services,Internet Content & Information,65 EUR,13,0.22 %,19,13,buy,2.0,19,22,,-1,-1,+2.85 %,73,33,0.6316193399846507,73,46,193B EUR,96,98,192940769280.0,6.0,76,73,77 %,96,98,0.632 %,3,12
PRY.MI,PRY,Prysmian S.p.A.,Italy,Industrials,Electrical Equipment & Parts,38 EUR,0,1.65 %,28,27,buy,2.2,52,42,0.6,35,36,+21.5 %,43,62,0.8299663299663297,56,71,10.4B EUR,52,50,10371364864.0,5.0,59,64,77.7 %,98,98,0 %,2,3
PST.MI,PST,Poste Italiane S.p.A.,Italy,Industrials,Conglomerates,10.3 EUR,0,6.44 %,96,81,buy,2.1,41,32,0.77,43,45,+28.9 %,60,73,0.9164159144098963,79,85,13.5B EUR,60,55,13461527552.0,2.0,23,28,12.2 %,9,8,64.3 %,92,92
QUEST.AT,QUEST,Quest Holdings S.A.,Greece,Technology,Electronics & Computer Distribution,6.22 EUR,0,3.28 %,76,46,none,,-1,-1,,-1,-1,+36 %,83,80,0.8168761220825851,83,71,662M EUR,3,0,661857728.0,8.0,89,87,7.04 %,3,3,74.7 %,96,96
RACE.MI,RACE,Ferrari N.V.,Italy,Consumer Cyclical,Auto Manufacturers,293 EUR,3,0.63 %,22,16,buy,2.5,62,68,2.0,65,72,+47.4 %,89,87,0.9410256410256412,89,90,53.3B EUR,63,85,53321924608.0,2.0,16,28,42.9 %,64,69,33.9 %,47,61
RAND.AS,RAND,Randstad N.V.,Netherlands,Industrials,Staffing & Employment Services,54.1 EUR,0,5.32 %,86,72,hold,3.5,98,99,-2.38,3,5,+17.3 %,41,54,0.5813501699854297,28,40,9.84B EUR,47,48,9841451008.0,1.0,5,9,29.1 %,41,41,32.8 %,56,58
RBI.VI,RBI,Raiffeisen Bank International AG,Austria,Financial Services,Banks—Regional,13.1 EUR,31,0 %,5,6,hold,2.6,84,76,0.62,48,38,+3.7 %,17,35,0.24733096085409242,5,15,4.3B EUR,22,27,4302315008.0,5.0,76,64,9.2 %,10,5,58.8 %,87,88
REC.MI,REC,Recordati Industria Chimica e Farmaceutica S.p.A.,Italy,Healthcare,Drug Manufacturers—General,46.9 EUR,0,2.62 %,67,39,hold,2.7,78,83,2.78,70,81,+14 %,46,47,0.9648985959438375,89,93,9.63B EUR,39,47,9630455808.0,3.0,32,45,26.9 %,10,35,51.8 %,89,79
RED.MC,RED1,"Redeia Corporación, S.A.",Spain,Utilities,Utilities—Regulated Electric,15.1 EUR,0,6.72 %,72,86,hold,3.3,89,97,-1.36,16,8,-20.8 %,17,11,0.12249208025343196,2,6,8.14B EUR,37,43,8139565056.0,4.0,68,56,31.4 %,62,45,25 %,27,45
REN.AS,REN,RELX PLC,United Kingdom,Industrials,Specialty Business Services,29.8 EUR,16,2.2 %,41,34,buy,2.2,52,42,,-1,-1,+10.9 %,24,44,0.7812061711079945,47,66,57.1B EUR,88,86,57093963776.0,2.0,23,28,58.9 %,90,91,0.429 %,7,11
RI.PA,RI,Pernod Ricard SA,France,Consumer Defensive,Beverages—Wineries & Distilleries,196 EUR,0,2.39 %,56,38,buy,2.3,38,51,,-1,-1,+4.71 %,30,36,0.5259809119830331,36,36,51.5B EUR,70,84,51527557120.0,3.0,23,45,48.7 %,76,79,24 %,36,44
RMS.PA,RMS,Hermès International Société en commandite par actions,France,Consumer Cyclical,Luxury Goods,1.94K EUR,0,0.69 %,27,17,hold,2.6,72,76,3.26,88,86,+46 %,85,87,0.8733707865168538,72,80,208B EUR,93,98,207970516992.0,8.0,75,87,10.6 %,2,6,67.1 %,93,94
RWE.DE,RWE,RWE Aktiengesellschaft,Germany,Utilities,Utilities—Diversified,39.9 EUR,0,2.29 %,12,36,buy,1.7,5,5,-0.57,36,13,+1.26 %,57,30,0.49178255372945623,47,33,29.7B EUR,77,75,29709008896.0,1.0,10,9,47.4 %,97,75,3.96 %,7,18
SAB.MC,SAB1,"Banco de Sabadell, S.A.",Spain,Financial Services,Banks—Diversified,1.12 EUR,0,6.42 %,68,81,buy,2.3,69,51,0.22,20,26,+64.2 %,82,93,0.6871301775147929,43,51,6.19B EUR,33,35,6190811648.0,1.0,13,9,29.8 %,36,41,0.153 %,19,11
SAF.PA,SAF,Safran SA,France,Industrials,Aerospace & Defense,148 EUR,0,0.93 %,17,18,buy,2.0,29,22,0.66,40,41,+43.2 %,84,84,0.9349309633391526,86,89,63.3B EUR,92,88,63258632192.0,4.0,52,56,41.6 %,67,68,19.5 %,30,38
SAMPO.HE,SAMPO,Sampo Oyj,Finland,Financial Services,Insurance—Diversified,40.4 EUR,0,4.49 %,31,62,buy,2.2,55,42,5.35,91,90,-9.8 %,3,19,0.2051709758131777,1,11,20.3B EUR,61,63,20292669440.0,1.0,13,9,45.8 %,77,73,8.24 %,38,25
SAN.MC,SAN1,"Banco Santander, S.A.",Spain,Financial Services,Banks—Diversified,3.63 EUR,0,3.36 %,22,48,buy,2.1,43,32,0.46,35,32,+46 %,68,86,0.8435572865952612,68,75,58.8B EUR,91,86,58772557824.0,1.0,13,9,32.3 %,40,45,0.556 %,22,12
SAN.PA,SAN,Sanofi,France,Healthcare,Drug Manufacturers—General,99.7 EUR,10,3.61 %,82,52,buy,2.3,42,51,1.57,37,64,+20.2 %,75,59,0.8044018459353921,67,69,125B EUR,96,96,124948299776.0,2.0,10,28,46.6 %,75,74,11.4 %,39,30
SAP.DE,SAP,SAP SE,Germany,Technology,Software—Application,129 EUR,7,1.62 %,63,26,buy,2.2,38,42,1.14,37,53,+51.1 %,90,88,0.976587301587302,96,96,151B EUR,90,97,150657351680.0,2.0,50,28,37.5 %,43,57,11.7 %,50,31
SAR.AT,SAR,Gr. Sarantis S.A.,Greece,Consumer Defensive,Household & Personal Products,7.85 EUR,0,1.88 %,30,31,hold,3.0,84,92,,-1,-1,+26 %,90,68,0.780575539568345,83,65,501M EUR,3,0,501015264.0,10.0,86,96,35.1 %,56,51,50.5 %,63,78
SBO.VI,SBO,Schoeller-Bleckmann Oilfield Equipment Aktiengesellschaft,Austria,Energy,Oil & Gas Equipment & Services,51.6 EUR,0,3.87 %,35,55,buy,1.7,10,5,0.11,65,22,-11.2 %,15,17,0.2704626334519574,15,15,826M EUR,5,1,825600000.0,10.0,90,96,33.3 %,65,48,33.4 %,45,60
SGO.PA,SGO,Compagnie de Saint-Gobain S.A.,France,Industrials,Building Products & Equipment,59.4 EUR,0,3.45 %,62,50,buy,1.9,19,15,26.08,98,98,+42.9 %,81,84,0.8972551928783382,77,83,31.9B EUR,84,77,31909298176.0,2.0,23,28,48.3 %,75,78,8.88 %,15,27
SHELL.AS,SHELL,Shell plc,United Kingdom,Energy,Oil & Gas Integrated,28.4 EUR,8,4.25 %,45,60,buy,1.7,10,5,-2.0,25,7,+4.39 %,25,35,0.8015194681861351,65,69,189B EUR,95,97,189328932864.0,1.0,10,9,40.9 %,85,67,0.06 %,5,9
SIE.DE,SIE,Siemens Aktiengesellschaft,Germany,Industrials,Specialty Industrial Machinery,140 EUR,6,3.12 %,52,43,buy,2.1,41,32,2.0,77,72,+33 %,71,79,0.6257472542749898,35,46,111B EUR,98,95,110965219328.0,1.0,5,9,40.7 %,64,65,9.36 %,18,28
SOF.BR,SOF,Sofina Société Anonyme,Belgium,Financial Services,Asset Management,207 EUR,0,1.6 %,12,26,strong_buy,1.5,2,0,,-1,-1,-1.45 %,15,27,0.5230125523012553,22,35,6.91B EUR,40,37,6913077248.0,5.0,76,64,7.15 %,5,3,54.6 %,80,84
SOLB.BR,SOLB,Solvay SA,Belgium,Basic Materials,Chemicals,105 EUR,0,3.97 %,58,56,buy,2.5,66,68,6.92,91,93,+26.2 %,69,68,0.7765058599073316,69,64,10.9B EUR,58,51,10856080384.0,3.0,58,45,23.7 %,13,31,30.7 %,80,55
SPM.MI,SPM,Saipem SpA,Italy,Energy,Oil & Gas Equipment & Services,1.54 EUR,0,0 %,5,6,buy,2.0,30,22,-7.03,5,1,+112 %,95,97,0.9365079365079367,95,90,3.15B EUR,35,19,3151039744.0,7.0,55,80,15.1 %,35,15,44 %,55,71
SRG.MI,SRG,Snam S.p.A.,Italy,Utilities,Utilities—Regulated Gas,4.73 EUR,0,7.07 %,77,87,hold,2.6,68,76,7.21,90,94,-3.82 %,42,25,0.6223832528180353,52,45,15.9B EUR,57,59,15855202304.0,2.0,34,28,27.6 %,52,38,38.9 %,52,67
STERV.HE,STERV,Stora Enso Oyj,Finland,Basic Materials,Paper & Paper Products,11.7 EUR,0,5.39 %,75,72,hold,2.6,83,76,17.49,97,96,-22.8 %,8,9,0.33301617507136066,19,20,9.32B EUR,52,46,9319010304.0,2.0,33,28,52.6 %,69,83,4.27 %,36,18
STLAM.MI,STLAP,Stellantis N.V.,Netherlands,Consumer Cyclical,Auto Manufacturers,17.2 EUR,0,8.01 %,91,91,buy,1.7,6,5,,-1,-1,+24.3 %,64,66,0.7632629777524244,64,61,53.5B EUR,67,85,53464653824.0,6.0,58,73,52.1 %,72,82,24.6 %,43,45
STMPA.PA,STMPA,STMicroelectronics N.V.,Switzerland,Technology,Semiconductors,44.1 EUR,6,0.52 %,30,15,buy,2.3,61,51,1.75,70,67,+22.4 %,63,64,0.6885125184094257,70,52,45.7B EUR,76,81,45740199936.0,3.0,71,45,36 %,36,55,27.5 %,70,49
STR.VI,STR1,Strabag SE,Austria,Industrials,Engineering & Construction,39 EUR,0,5.13 %,84,70,strong_buy,1.5,1,0,1.36,59,59,+1.17 %,11,30,0.4838709677419353,15,32,4B EUR,24,25,4001400064.0,8.0,88,87,17 %,22,19,71.4 %,94,95
SU.PA,SU,Schneider Electric S.E.,France,Industrials,Specialty Industrial Machinery,160 EUR,3,2.01 %,37,32,buy,2.4,65,59,2.91,88,84,+29.6 %,62,74,0.8673469387755103,69,79,90.9B EUR,94,93,90938359808.0,2.0,23,28,69.6 %,96,96,7.2 %,13,24
SW.PA,SW,Sodexo S.A.,France,Industrials,Specialty Business Services,99.2 EUR,0,2.42 %,47,38,buy,2.4,65,59,1.11,51,52,+31.4 %,64,77,0.834547346514048,58,73,14.8B EUR,62,57,14803704832.0,3.0,43,45,35.1 %,54,51,44.5 %,71,71
SY1.DE,SY1,Symrise AG,Germany,Basic Materials,Specialty Chemicals,95.7 EUR,0,1.13 %,13,21,buy,2.4,44,59,2.95,79,85,-11.2 %,13,18,0.3147620984139898,13,18,13.4B EUR,69,55,13376180224.0,4.0,75,56,60.2 %,86,92,5.02 %,47,19
TEF.MC,TEF,"Telefónica, S.A.",Spain,Communication Services,Telecom Services,3.79 EUR,0,8.14 %,80,92,hold,2.7,69,83,,-1,-1,-9.79 %,42,20,0.5954592363261092,65,41,21.8B EUR,73,67,21822996480.0,4.0,46,56,20.4 %,26,23,8.7 %,11,26
TELIA1.HE,TELIA1,Telia Company AB (publ),Sweden,Communication Services,Telecom Services,1.85 EUR,0,9.97 %,88,97,buy,2.5,53,68,200.11,95,99,-48.8 %,3,0,0.05032644178454843,3,1,7.29B EUR,50,39,7292098560.0,2.0,11,28,26.9 %,42,35,42.8 %,73,70
TEN.MI,TEN,Tenaris S.A.,Luxembourg,Energy,Oil & Gas Equipment & Services,15.3 EUR,13,3.21 %,25,44,buy,2.1,55,32,-5.02,15,2,+10.1 %,45,41,0.5855999999999999,35,40,18.5B EUR,55,62,18544629760.0,10.0,90,96,12.3 %,15,10,60.5 %,85,90
TENERGY.AT,TENERGY,TERNA ENERGY Industrial Commercial Technical Societe Anonyme,Greece,Utilities,Utilities—Renewable,16.2 EUR,0,2.33 %,17,37,buy,2.5,57,68,,-1,-1,-8.24 %,32,22,0.1981279251170046,17,11,1.91B EUR,7,8,1907161344.0,5.0,78,64,12.3 %,17,9,53.9 %,72,82
TIETO.HE,TIETO,TietoEVRY Oyj,Finland,Technology,Information Technology Services,22.7 EUR,0,6.63 %,96,84,hold,2.8,88,88,1.33,45,57,-11.2 %,43,18,0.1258278145695365,30,7,2.68B EUR,23,15,2682739968.0,,-1,-1,51.5 %,56,81,12.3 %,56,31
TIT.MI,TIT,Telecom Italia S.p.A.,Italy,Communication Services,Telecom Services,0.284 EUR,0,0 %,7,6,buy,2.4,38,59,-1.2,4,9,+33.4 %,88,79,0.7320458660229328,80,57,6.18B EUR,34,35,6175267840.0,3.0,26,45,21.9 %,34,28,33.6 %,57,61
TITC.AT,TITC,Titan Cement International S.A.,Belgium,Basic Materials,Building Materials,18.1 EUR,0,3.3 %,41,47,buy,1.8,5,10,,-1,-1,+54.1 %,86,90,0.8431818181818179,80,75,1.35B EUR,2,5,1349815168.0,5.0,86,64,30.1 %,30,42,37 %,86,65
TKWY.AS,TKWY,Just Eat Takeaway.com N.V.,Netherlands,Consumer Cyclical,Internet Retail,12.8 EUR,0,0 %,8,6,hold,2.6,72,76,-0.26,15,17,-26.4 %,2,7,0.04123057405645408,2,1,2.82B EUR,23,17,2816175104.0,1.0,6,9,65.4 %,93,95,7.16 %,10,24
TNET.BR,TNET,Telenet Group Holding NV,Belgium,Communication Services,Telecom Services,21.1 EUR,0,4.73 %,57,66,hold,3.0,80,92,-0.22,22,18,+45 %,96,86,0.9772209567198179,96,97,2.3B EUR,11,11,2295994112.0,5.0,61,64,13.5 %,3,12,59.2 %,96,89
TPEIR.AT,BKP,Piraeus Financial Holdings S.A.,Greece,Financial Services,Banks—Regional,3.3 EUR,0,0 %,5,6,buy,1.9,22,15,-0.75,8,11,+219 %,98,99,0.8868847447263832,73,82,4.12B EUR,19,26,4122822144.0,2.0,38,28,41.4 %,73,68,27 %,61,48
TRN.MI,TRN,Terna S.p.A.,Italy,Utilities,Utilities—Regulated Electric,7.59 EUR,0,5.56 %,52,74,hold,2.9,76,90,5.76,83,91,+1.02 %,52,29,0.7111501316944691,67,54,15.2B EUR,52,58,15216377856.0,3.0,55,45,27.2 %,47,37,29.8 %,37,53
TTE.PA,TTE,TotalEnergies SE,France,Energy,Oil & Gas Integrated,57.9 EUR,3,5.16 %,55,70,buy,2.0,30,22,-0.78,35,11,+10.4 %,55,42,0.7928475033738192,55,68,140B EUR,85,96,139651481600.0,2.0,30,28,45.4 %,95,72,7.15 %,15,23
TYRES.HE,TYRES,Nokian Renkaat Oyj,Finland,Consumer Cyclical,Auto Parts,8.06 EUR,0,4.45 %,64,62,hold,3.1,97,95,-2.99,2,4,-24.2 %,6,9,0.15321589512494865,10,9,1.11B EUR,6,3,1114684544.0,1.0,6,9,47.7 %,68,75,14.8 %,22,32
UBI.PA,UBI,Ubisoft Entertainment SA,France,Communication Services,Electronic Gaming & Multimedia,28.9 EUR,10,0 %,7,6,hold,2.7,69,83,2.73,77,80,-37.2 %,19,2,0.3809189757979657,42,22,3.64B EUR,19,22,3635591168.0,5.0,61,64,48.1 %,80,77,28.6 %,50,51
UCB.BR,UCB,UCB SA,Belgium,Healthcare,Biotechnology,83.1 EUR,3,1.63 %,53,27,buy,2.3,42,51,1.4,29,60,+15.9 %,53,50,0.7448151487826872,53,60,16.2B EUR,46,59,16229925888.0,3.0,32,45,40.8 %,67,66,38 %,75,66
UCG.MI,UCG,UniCredit S.p.A.,Italy,Financial Services,Banks—Regional,22.6 EUR,0,4.54 %,33,64,buy,2.0,30,22,0.24,23,27,+136 %,96,98,0.9504809405058782,87,91,41.6B EUR,80,79,41562304512.0,5.0,76,64,47.3 %,82,75,3.59 %,26,18
UMI.BR,UMI,Umicore SA,Belgium,Industrials,Pollution & Treatment Controls,24 EUR,0,3.42 %,60,49,hold,3.0,94,92,-2.24,6,6,-26.5 %,3,7,0.0512630014858842,1,2,6.8B EUR,37,36,6802986496.0,6.0,71,73,48.7 %,77,78,15.9 %,24,35
UNA.AS,UNA,Unilever PLC,United Kingdom,Consumer Defensive,Household & Personal Products,47.3 EUR,0,3.63 %,83,53,none,,-1,-1,,-1,-1,+2.78 %,16,32,0.47424892703862714,30,30,120B EUR,90,95,119826391040.0,8.0,63,87,50.1 %,83,79,3.06 %,23,15
UNI.MC,UNI1,"Unicaja Banco, S.A.",Spain,Financial Services,Banks—Regional,1.04 EUR,0,4.77 %,36,67,buy,2.2,55,42,65.42,98,98,+20.2 %,38,60,0.4777376654632974,17,31,2.76B EUR,3,16,2760731904.0,6.0,87,73,21.6 %,26,27,55.2 %,82,85
UNI.MI,UNI,Unipol Gruppo S.p.A.,Italy,Financial Services,Insurance—Diversified,5.11 EUR,0,7.39 %,80,88,buy,2.0,30,22,2.94,89,84,+21.4 %,43,62,0.9031548055759351,77,84,3.79B EUR,15,22,3793221632.0,7.0,94,80,16 %,17,18,48.5 %,75,75
UPM.HE,UPM,UPM-Kymmene Oyj,Finland,Basic Materials,Paper & Paper Products,31.1 EUR,0,5.02 %,69,69,buy,2.1,16,32,4.42,85,89,-10.5 %,25,19,0.4239543726235739,30,26,16.6B EUR,80,60,16575710208.0,2.0,33,28,50.5 %,63,81,3.15 %,30,16
UQA.VI,UQA,UNIQA Insurance Group AG,Austria,Financial Services,Insurance—Diversified,7.39 EUR,0,7.5 %,82,89,buy,1.7,9,5,,-1,-1,+13 %,24,45,0.6032388663967612,31,43,2.27B EUR,1,10,2268471296.0,6.0,87,73,6.5 %,3,2,63.2 %,91,92
VALMT.HE,VALMT,Valmet Oyj,Finland,Industrials,Specialty Industrial Machinery,23.4 EUR,0,5.77 %,94,75,buy,2.1,41,32,1.08,48,52,-8.71 %,7,21,0.26561901111536984,11,15,4.31B EUR,26,27,4311232512.0,6.0,71,73,50.4 %,79,80,18.1 %,26,36
VER.VI,VER,VERBUND AG,Austria,Utilities,Utilities—Renewable,76.4 EUR,8,3.27 %,32,46,hold,3.2,81,95,,-1,-1,-21.2 %,12,10,0.2987987987987989,32,17,26.5B EUR,72,70,26542583808.0,3.0,55,45,12.4 %,22,10,30 %,42,54
VIE.PA,VIE,Veolia Environnement SA,France,Industrials,Waste Management,28.5 EUR,0,3.99 %,71,57,buy,2.0,29,22,0.84,46,48,+26.6 %,52,69,0.8540468819106591,64,77,20.6B EUR,67,64,20611174400.0,2.0,23,28,54.6 %,84,85,6.5 %,11,22
VIG.VI,VIG,Vienna Insurance Group AG,Austria,Financial Services,Insurance—Diversified,25.2 EUR,0,5.21 %,40,71,buy,1.6,5,2,1.12,74,53,+7.28 %,19,39,0.686131386861314,40,51,3.23B EUR,8,19,3232000000.0,6.0,87,73,8.33 %,8,5,72.5 %,98,96
VIO.AT,VIO,Viohalco S.A.,Belgium,Industrials,Metal Fabrication,6.95 EUR,0,1.7 %,30,28,none,,-1,-1,,-1,-1,+105 %,92,97,0.966321243523316,92,95,1.8B EUR,11,7,1801370496.0,7.0,80,80,2.35 %,3,0,83.9 %,98,99
VIV.PA,VIV,Vivendi SE,France,Communication Services,Entertainment,8.36 EUR,0,3.06 %,26,42,buy,1.9,7,15,0.32,31,30,-9.03 %,50,21,0.29201520912547546,26,17,8.68B EUR,57,43,8682457088.0,6.0,76,73,28.1 %,50,38,34.3 %,65,63
VNA.DE,VNA,Vonovia SE,Germany,Real Estate,Real Estate Services,21 EUR,12,4.19 %,50,59,buy,2.3,50,51,2.42,55,76,-24.4 %,31,8,0.4245353159851302,59,27,17.2B EUR,86,61,17216921600.0,2.0,45,28,59.6 %,86,91,0 %,9,3
VOE.VI,VOE,Voestalpine AG,Austria,Basic Materials,Steel,27.2 EUR,0,5.62 %,80,74,buy,2.5,66,68,-0.18,38,19,+33.9 %,80,80,0.5257410296411857,58,36,4.66B EUR,36,29,4660771840.0,8.0,91,87,24.3 %,19,32,29.8 %,75,52
VOW3.DE,VOW3,Volkswagen AG,Germany,Consumer Cyclical,Auto Manufacturers,114 EUR,0,7.81 %,85,91,buy,2.4,50,59,0.36,25,31,-22.6 %,10,10,0.05879586077140168,6,2,63.1B EUR,76,88,63114141696.0,10.0,91,96,23.9 %,47,32,0 %,2,3
WDP.BR,WDP,Warehouses De Pauw,Belgium,Real Estate,REIT—Industrial,26.1 EUR,15,3.91 %,40,55,hold,2.7,77,83,2.83,85,82,-15.6 %,40,13,0.3995381062355659,31,24,5.41B EUR,77,32,5414064640.0,1.0,18,9,35.8 %,40,53,21.6 %,50,41
WIE.VI,WIE,Wienerberger AG,Austria,Basic Materials,Building Materials,25.5 EUR,0,3.58 %,52,52,buy,2.5,66,68,-8.39,2,1,+8 %,52,40,0.5551294343240651,63,39,2.69B EUR,30,15,2689476352.0,2.0,33,28,55.6 %,75,86,1.3 %,8,13
WKL.AS,WKL,Wolters Kluwer N.V.,Netherlands,Industrials,Specialty Business Services,110 EUR,0,1.74 %,32,28,buy,2.4,65,59,2.81,82,81,+6.45 %,18,37,0.5299455535390203,20,37,28.6B EUR,79,73,28574502912.0,1.0,5,9,66.3 %,94,95,0.041 %,5,8
WLN.PA,WLN,Worldline SA,France,Technology,Software—Infrastructure,30.1 EUR,0,0 %,13,6,buy,2.2,38,42,0.6,20,36,-28.9 %,16,6,0.02512288367012566,10,0,9.76B EUR,43,47,9764673536.0,2.0,50,28,55.8 %,76,87,11.5 %,43,30
ZAL.DE,ZAL,Zalando SE,Germany,Consumer Cyclical,Internet Retail,27.9 EUR,7,0 %,8,6,buy,2.4,50,59,8.66,93,95,+13.8 %,31,46,0.3282012767555389,18,19,7.23B EUR,41,39,7230554112.0,5.0,50,64,60.5 %,89,92,10.1 %,14,29
